Wilaya,LAT,LON,Date,Temperature,Hemudite,fehrienhiat
Adrar,27.53,-0.16,2021-7-1,40.2,6.25,104.36
Adrar,27.53,-0.16,2021-7-2,39.22,6.88,102.596
Adrar,27.53,-0.16,2021-7-3,39.21,8.44,102.578
Adrar,27.53,-0.16,2021-7-4,39.14,7.06,102.452
Adrar,27.53,-0.16,2021-7-5,38.8,5.81,101.84
Adrar,27.53,-0.16,2021-7-6,40.58,5.19,105.044
Adrar,27.53,-0.16,2021-7-7,41.34,4.5,106.412
Adrar,27.53,-0.16,2021-7-8,40.07,7.31,104.126
Adrar,27.53,-0.16,2021-7-9,39.22,8.69,102.596
Adrar,27.53,-0.16,2021-7-10,38.51,8.31,101.318
Adrar,27.53,-0.16,2021-7-11,38.52,7.94,101.336
Adrar,27.53,-0.16,2021-7-12,40.08,9.12,104.144
Adrar,27.53,-0.16,2021-7-13,39.84,9,103.712
Adrar,27.53,-0.16,2021-7-14,39.37,7.56,102.866
Adrar,27.53,-0.16,2021-7-15,39.07,7.06,102.326
Adrar,27.53,-0.16,2021-7-16,39.02,6.94,102.236
Adrar,27.53,-0.16,2021-7-17,40.14,8.94,104.252
Adrar,27.53,-0.16,2021-7-18,40.5,8.5,104.9
Adrar,27.53,-0.16,2021-7-19,39.65,10.94,103.37
Adrar,27.53,-0.16,2021-7-20,38.21,11.38,100.778
Adrar,27.53,-0.16,2021-7-21,38.86,14.12,101.948
Adrar,27.53,-0.16,2021-7-22,39.05,12.75,102.29
Adrar,27.53,-0.16,2021-7-23,37.69,13.44,99.842
Adrar,27.53,-0.16,2021-7-24,37.83,13.62,100.094
Adrar,27.53,-0.16,2021-7-25,37.28,9,99.104
Adrar,27.53,-0.16,2021-7-26,37.52,9.44,99.536
Adrar,27.53,-0.16,2021-7-27,38.42,9.12,101.156
Adrar,27.53,-0.16,2021-7-28,39.41,9.5,102.938
Adrar,27.53,-0.16,2021-7-29,38.41,8.06,101.138
Adrar,27.53,-0.16,2021-7-30,37.44,7,99.392
Adrar,27.53,-0.16,2021-7-31,36.61,7.38,97.898
Chlef,36.09,1.2,2021-7-1,27.23,54.62,81.014
Chlef,36.09,1.2,2021-7-2,27.94,47,82.292
Chlef,36.09,1.2,2021-7-3,29.75,35.81,85.55
Chlef,36.09,1.2,2021-7-4,29.16,30.38,84.488
Chlef,36.09,1.2,2021-7-5,30.26,30.12,86.468
Chlef,36.09,1.2,2021-7-6,29.8,32.44,85.64
Chlef,36.09,1.2,2021-7-7,27.59,44.31,81.662
Chlef,36.09,1.2,2021-7-8,27.62,57.25,81.716
Chlef,36.09,1.2,2021-7-9,29.78,50.75,85.604
Chlef,36.09,1.2,2021-7-10,31.3,43.06,88.34
Chlef,36.09,1.2,2021-7-11,35.47,28.62,95.846
Chlef,36.09,1.2,2021-7-12,30.96,32.62,87.728
Chlef,36.09,1.2,2021-7-13,26.74,47.69,80.132
Chlef,36.09,1.2,2021-7-14,26.08,48.38,78.944
Chlef,36.09,1.2,2021-7-15,26.4,51.44,79.52
Chlef,36.09,1.2,2021-7-16,27.48,45.62,81.464
Chlef,36.09,1.2,2021-7-17,30.48,30.56,86.864
Chlef,36.09,1.2,2021-7-18,27.94,42,82.292
Chlef,36.09,1.2,2021-7-19,28.87,37.75,83.966
Chlef,36.09,1.2,2021-7-20,28.88,44.31,83.984
Chlef,36.09,1.2,2021-7-21,31.9,29.19,89.42
Chlef,36.09,1.2,2021-7-22,31.3,33.5,88.34
Chlef,36.09,1.2,2021-7-23,33.38,28.44,92.084
Chlef,36.09,1.2,2021-7-24,34.62,23.88,94.316
Chlef,36.09,1.2,2021-7-25,30.69,26.31,87.242
Chlef,36.09,1.2,2021-7-26,27.12,45,80.816
Chlef,36.09,1.2,2021-7-27,28.26,55.19,82.868
Chlef,36.09,1.2,2021-7-28,30.05,45.69,86.09
Chlef,36.09,1.2,2021-7-29,30.51,46.25,86.918
Chlef,36.09,1.2,2021-7-30,33.83,33.69,92.894
Chlef,36.09,1.2,2021-7-31,31.09,27.81,87.962
Laghouat,33.47,2.52,2021-7-1,35.47,13.56,95.846
Laghouat,33.47,2.52,2021-7-2,35.23,16,95.414
Laghouat,33.47,2.52,2021-7-3,35.38,13.88,95.684
Laghouat,33.47,2.52,2021-7-4,34.91,15.25,94.838
Laghouat,33.47,2.52,2021-7-5,34.88,12.38,94.784
Laghouat,33.47,2.52,2021-7-6,35.8,9.69,96.44
Laghouat,33.47,2.52,2021-7-7,34.08,16.94,93.344
Laghouat,33.47,2.52,2021-7-8,32.97,20.44,91.346
Laghouat,33.47,2.52,2021-7-9,33.97,12.69,93.146
Laghouat,33.47,2.52,2021-7-10,35.24,12.5,95.432
Laghouat,33.47,2.52,2021-7-11,36.37,13,97.466
Laghouat,33.47,2.52,2021-7-12,35.23,16.56,95.414
Laghouat,33.47,2.52,2021-7-13,32.48,18.62,90.464
Laghouat,33.47,2.52,2021-7-14,29.71,32.69,85.478
Laghouat,33.47,2.52,2021-7-15,31.36,24.62,88.448
Laghouat,33.47,2.52,2021-7-16,32.32,26.69,90.176
Laghouat,33.47,2.52,2021-7-17,32,19,89.6
Laghouat,33.47,2.52,2021-7-18,32.44,21.94,90.392
Laghouat,33.47,2.52,2021-7-19,29.65,27.19,85.37
Laghouat,33.47,2.52,2021-7-20,30.15,22.31,86.27
Laghouat,33.47,2.52,2021-7-21,30.65,21.19,87.17
Laghouat,33.47,2.52,2021-7-22,32.37,19.75,90.266
Laghouat,33.47,2.52,2021-7-23,32.83,17.31,91.094
Laghouat,33.47,2.52,2021-7-24,32.88,19.88,91.184
Laghouat,33.47,2.52,2021-7-25,33.62,17.88,92.516
Laghouat,33.47,2.52,2021-7-26,31.63,23.19,88.934
Laghouat,33.47,2.52,2021-7-27,31.13,22.31,88.034
Laghouat,33.47,2.52,2021-7-28,32.22,15.44,89.996
Laghouat,33.47,2.52,2021-7-29,33.48,14.5,92.264
Laghouat,33.47,2.52,2021-7-30,34.26,12.5,93.668
Laghouat,33.47,2.52,2021-7-31,34.57,17.5,94.226
Oum_ElBouaghi,35.52,7.06,2021-7-1,30.31,29,86.558
Oum_ElBouaghi,35.52,7.06,2021-7-2,30.94,27.75,87.692
Oum_ElBouaghi,35.52,7.06,2021-7-3,31.62,26.25,88.916
Oum_ElBouaghi,35.52,7.06,2021-7-4,32.01,22.44,89.618
Oum_ElBouaghi,35.52,7.06,2021-7-5,29.69,27.69,85.442
Oum_ElBouaghi,35.52,7.06,2021-7-6,32.65,23.94,90.77
Oum_ElBouaghi,35.52,7.06,2021-7-7,30.62,30.75,87.116
Oum_ElBouaghi,35.52,7.06,2021-7-8,28.82,40,83.876
Oum_ElBouaghi,35.52,7.06,2021-7-9,28.54,46.56,83.372
Oum_ElBouaghi,35.52,7.06,2021-7-10,30.62,31.38,87.116
Oum_ElBouaghi,35.52,7.06,2021-7-11,30.87,27.75,87.566
Oum_ElBouaghi,35.52,7.06,2021-7-12,33.43,22.75,92.174
Oum_ElBouaghi,35.52,7.06,2021-7-13,27.53,43.06,81.554
Oum_ElBouaghi,35.52,7.06,2021-7-14,23.19,54.25,73.742
Oum_ElBouaghi,35.52,7.06,2021-7-15,25.83,46.81,78.494
Oum_ElBouaghi,35.52,7.06,2021-7-16,23.55,54.38,74.39
Oum_ElBouaghi,35.52,7.06,2021-7-17,22.82,52.44,73.076
Oum_ElBouaghi,35.52,7.06,2021-7-18,23.12,51.94,73.616
Oum_ElBouaghi,35.52,7.06,2021-7-19,24.2,49.31,75.56
Oum_ElBouaghi,35.52,7.06,2021-7-20,25.99,44.5,78.782
Oum_ElBouaghi,35.52,7.06,2021-7-21,26.83,38.81,80.294
Oum_ElBouaghi,35.52,7.06,2021-7-22,27.77,32.94,81.986
Oum_ElBouaghi,35.52,7.06,2021-7-23,29.89,28.69,85.802
Oum_ElBouaghi,35.52,7.06,2021-7-24,31.98,24.25,89.564
Oum_ElBouaghi,35.52,7.06,2021-7-25,32.48,24.75,90.464
Oum_ElBouaghi,35.52,7.06,2021-7-26,30.51,22.94,86.918
Oum_ElBouaghi,35.52,7.06,2021-7-27,29.86,23.94,85.748
Oum_ElBouaghi,35.52,7.06,2021-7-28,31.72,22.06,89.096
Oum_ElBouaghi,35.52,7.06,2021-7-29,32.01,24.44,89.618
Oum_ElBouaghi,35.52,7.06,2021-7-30,32.85,22.94,91.13
Oum_ElBouaghi,35.52,7.06,2021-7-31,33.21,20.88,91.778
Batna,35.33,6.1,2021-7-1,30.37,22.25,86.666
Batna,35.33,6.1,2021-7-2,30.75,22.38,87.35
Batna,35.33,6.1,2021-7-3,30.89,21.75,87.602
Batna,35.33,6.1,2021-7-4,30.01,23,86.018
Batna,35.33,6.1,2021-7-5,29.28,24.62,84.704
Batna,35.33,6.1,2021-7-6,30.29,24.31,86.522
Batna,35.33,6.1,2021-7-7,29.51,28.06,85.118
Batna,35.33,6.1,2021-7-8,27.58,33.06,81.644
Batna,35.33,6.1,2021-7-9,27.45,36.75,81.41
Batna,35.33,6.1,2021-7-10,29.72,28.31,85.496
Batna,35.33,6.1,2021-7-11,29.48,28.62,85.064
Batna,35.33,6.1,2021-7-12,29.54,25.81,85.172
Batna,35.33,6.1,2021-7-13,27.15,37.06,80.87
Batna,35.33,6.1,2021-7-14,23.19,48.81,73.742
Batna,35.33,6.1,2021-7-15,24.97,42.19,76.946
Batna,35.33,6.1,2021-7-16,24.56,44.12,76.208
Batna,35.33,6.1,2021-7-17,22.55,40.5,72.59
Batna,35.33,6.1,2021-7-18,22.62,42.44,72.716
Batna,35.33,6.1,2021-7-19,23.81,42.62,74.858
Batna,35.33,6.1,2021-7-20,24.6,42.88,76.28
Batna,35.33,6.1,2021-7-21,25.18,37.75,77.324
Batna,35.33,6.1,2021-7-22,26.4,35.06,79.52
Batna,35.33,6.1,2021-7-23,27.06,34.19,80.708
Batna,35.33,6.1,2021-7-24,28.37,29.94,83.066
Batna,35.33,6.1,2021-7-25,28.56,28.31,83.408
Batna,35.33,6.1,2021-7-26,26.57,24.62,79.826
Batna,35.33,6.1,2021-7-27,26.3,26.88,79.34
Batna,35.33,6.1,2021-7-28,27.13,28.19,80.834
Batna,35.33,6.1,2021-7-29,28.15,27.88,82.67
Batna,35.33,6.1,2021-7-30,29.83,23.19,85.694
Batna,35.33,6.1,2021-7-31,30.05,22.38,86.09
Béjaïa,36.45,5.04,2021-7-1,23.96,77.12,75.128
Béjaïa,36.45,5.04,2021-7-2,24.65,76.81,76.37
Béjaïa,36.45,5.04,2021-7-3,25.84,73.06,78.512
Béjaïa,36.45,5.04,2021-7-4,26.33,67.88,79.394
Béjaïa,36.45,5.04,2021-7-5,25.98,71.44,78.764
Béjaïa,36.45,5.04,2021-7-6,27.43,65.31,81.374
Béjaïa,36.45,5.04,2021-7-7,26.8,64.62,80.24
Béjaïa,36.45,5.04,2021-7-8,25.28,81.69,77.504
Béjaïa,36.45,5.04,2021-7-9,24.94,76.38,76.892
Béjaïa,36.45,5.04,2021-7-10,25.16,74.69,77.288
Béjaïa,36.45,5.04,2021-7-11,27.7,61.31,81.86
Béjaïa,36.45,5.04,2021-7-12,28.83,57.06,83.894
Béjaïa,36.45,5.04,2021-7-13,25.01,75.06,77.018
Béjaïa,36.45,5.04,2021-7-14,24.05,69.69,75.29
Béjaïa,36.45,5.04,2021-7-15,24.69,70.44,76.442
Béjaïa,36.45,5.04,2021-7-16,24.48,68.12,76.064
Béjaïa,36.45,5.04,2021-7-17,25.12,63.12,77.216
Béjaïa,36.45,5.04,2021-7-18,25.48,63.38,77.864
Béjaïa,36.45,5.04,2021-7-19,25.53,69.06,77.954
Béjaïa,36.45,5.04,2021-7-20,25.87,73.5,78.566
Béjaïa,36.45,5.04,2021-7-21,27.28,66.44,81.104
Béjaïa,36.45,5.04,2021-7-22,28,63,82.4
Béjaïa,36.45,5.04,2021-7-23,29.87,55.69,85.766
Béjaïa,36.45,5.04,2021-7-24,31.83,47.81,89.294
Béjaïa,36.45,5.04,2021-7-25,28.44,65.44,83.192
Béjaïa,36.45,5.04,2021-7-26,26.48,78.19,79.664
Béjaïa,36.45,5.04,2021-7-27,26.4,79.69,79.52
Béjaïa,36.45,5.04,2021-7-28,28.15,70.31,82.67
Béjaïa,36.45,5.04,2021-7-29,28.12,70.44,82.616
Béjaïa,36.45,5.04,2021-7-30,29.19,63.62,84.542
Béjaïa,36.45,5.04,2021-7-31,29.36,62.25,84.848
Biskra,34.51,5.43,2021-7-1,38.31,13.38,100.958
Biskra,34.51,5.43,2021-7-2,37.48,10,99.464
Biskra,34.51,5.43,2021-7-3,37.89,13.12,100.202
Biskra,34.51,5.43,2021-7-4,38.15,11.62,100.67
Biskra,34.51,5.43,2021-7-5,37.53,12.19,99.554
Biskra,34.51,5.43,2021-7-6,35.11,20.94,95.198
Biskra,34.51,5.43,2021-7-7,35.95,19.06,96.71
Biskra,34.51,5.43,2021-7-8,35.82,19.12,96.476
Biskra,34.51,5.43,2021-7-9,34.9,20.69,94.82
Biskra,34.51,5.43,2021-7-10,37.42,16.5,99.356
Biskra,34.51,5.43,2021-7-11,37.85,18.94,100.13
Biskra,34.51,5.43,2021-7-12,36.36,17.62,97.448
Biskra,34.51,5.43,2021-7-13,35.22,21.56,95.396
Biskra,34.51,5.43,2021-7-14,31.58,29.19,88.844
Biskra,34.51,5.43,2021-7-15,30.65,30.75,87.17
Biskra,34.51,5.43,2021-7-16,33.08,25.69,91.544
Biskra,34.51,5.43,2021-7-17,31.26,25.56,88.268
Biskra,34.51,5.43,2021-7-18,32.63,24.12,90.734
Biskra,34.51,5.43,2021-7-19,31.9,26,89.42
Biskra,34.51,5.43,2021-7-20,32.01,26.38,89.618
Biskra,34.51,5.43,2021-7-21,32.06,28.69,89.708
Biskra,34.51,5.43,2021-7-22,33.04,26.69,91.472
Biskra,34.51,5.43,2021-7-23,33.01,25.19,91.418
Biskra,34.51,5.43,2021-7-24,33.56,23.31,92.408
Biskra,34.51,5.43,2021-7-25,34.73,19.19,94.514
Biskra,34.51,5.43,2021-7-26,33.96,13.81,93.128
Biskra,34.51,5.43,2021-7-27,33.12,17.88,91.616
Biskra,34.51,5.43,2021-7-28,32.41,23,90.338
Biskra,34.51,5.43,2021-7-29,33.51,21.12,92.318
Biskra,34.51,5.43,2021-7-30,35.04,14.56,95.072
Biskra,34.51,5.43,2021-7-31,36.8,14.12,98.24
Béchar,31.37,-2.13,2021-7-1,35.84,12.44,96.512
Béchar,31.37,-2.13,2021-7-2,36.33,12.62,97.394
Béchar,31.37,-2.13,2021-7-3,36.4,9.56,97.52
Béchar,31.37,-2.13,2021-7-4,36.81,10.06,98.258
Béchar,31.37,-2.13,2021-7-5,36.15,8.56,97.07
Béchar,31.37,-2.13,2021-7-6,37.08,11.5,98.744
Béchar,31.37,-2.13,2021-7-7,36.64,15.81,97.952
Béchar,31.37,-2.13,2021-7-8,35.16,16.81,95.288
Béchar,31.37,-2.13,2021-7-9,34.99,10.12,94.982
Béchar,31.37,-2.13,2021-7-10,34.76,11.12,94.568
Béchar,31.37,-2.13,2021-7-11,34.79,11.38,94.622
Béchar,31.37,-2.13,2021-7-12,37.1,10.19,98.78
Béchar,31.37,-2.13,2021-7-13,36.3,18.56,97.34
Béchar,31.37,-2.13,2021-7-14,35.94,11.88,96.692
Béchar,31.37,-2.13,2021-7-15,36.33,10.12,97.394
Béchar,31.37,-2.13,2021-7-16,36.58,8.94,97.844
Béchar,31.37,-2.13,2021-7-17,37.01,10.62,98.618
Béchar,31.37,-2.13,2021-7-18,36.16,21.5,97.088
Béchar,31.37,-2.13,2021-7-19,33.56,14.81,92.408
Béchar,31.37,-2.13,2021-7-20,33.9,19.62,93.02
Béchar,31.37,-2.13,2021-7-21,33.77,16.44,92.786
Béchar,31.37,-2.13,2021-7-22,34.52,16,94.136
Béchar,31.37,-2.13,2021-7-23,34.98,14.44,94.964
Béchar,31.37,-2.13,2021-7-24,36.15,13.12,97.07
Béchar,31.37,-2.13,2021-7-25,35.73,20.62,96.314
Béchar,31.37,-2.13,2021-7-26,35.26,16.5,95.468
Béchar,31.37,-2.13,2021-7-27,34.33,13.25,93.794
Béchar,31.37,-2.13,2021-7-28,34.51,12.31,94.118
Béchar,31.37,-2.13,2021-7-29,34.69,12.5,94.442
Béchar,31.37,-2.13,2021-7-30,34.98,12.94,94.964
Béchar,31.37,-2.13,2021-7-31,34.85,13.06,94.73
Blida,36.28,2.49,2021-7-1,26.48,54.88,79.664
Blida,36.28,2.49,2021-7-2,26.96,52.88,80.528
Blida,36.28,2.49,2021-7-3,29.32,40.81,84.776
Blida,36.28,2.49,2021-7-4,29.19,34.88,84.542
Blida,36.28,2.49,2021-7-5,30.14,29.25,86.252
Blida,36.28,2.49,2021-7-6,30.51,33,86.918
Blida,36.28,2.49,2021-7-7,27.93,45.19,82.274
Blida,36.28,2.49,2021-7-8,25.55,69,77.99
Blida,36.28,2.49,2021-7-9,27.05,58.69,80.69
Blida,36.28,2.49,2021-7-10,28.66,50.56,83.588
Blida,36.28,2.49,2021-7-11,32.58,33.12,90.644
Blida,36.28,2.49,2021-7-12,32.3,28.94,90.14
Blida,36.28,2.49,2021-7-13,25.62,59.19,78.116
Blida,36.28,2.49,2021-7-14,23.95,57.06,75.11
Blida,36.28,2.49,2021-7-15,24.79,61.44,76.622
Blida,36.28,2.49,2021-7-16,24.74,55,76.532
Blida,36.28,2.49,2021-7-17,26.87,38.75,80.366
Blida,36.28,2.49,2021-7-18,27.58,38.88,81.644
Blida,36.28,2.49,2021-7-19,26.73,46.44,80.114
Blida,36.28,2.49,2021-7-20,27.31,45.62,81.158
Blida,36.28,2.49,2021-7-21,29.98,33.81,85.964
Blida,36.28,2.49,2021-7-22,30.96,32.38,87.728
Blida,36.28,2.49,2021-7-23,31.55,29.75,88.79
Blida,36.28,2.49,2021-7-24,34.11,25.81,93.398
Blida,36.28,2.49,2021-7-25,31,35.75,87.8
Blida,36.28,2.49,2021-7-26,27.29,49.81,81.122
Blida,36.28,2.49,2021-7-27,27.27,60,81.086
Blida,36.28,2.49,2021-7-28,28.74,47.44,83.732
Blida,36.28,2.49,2021-7-29,29.94,45.25,85.892
Blida,36.28,2.49,2021-7-30,32.07,34.38,89.726
Blida,36.28,2.49,2021-7-31,32.22,31.31,89.996
Bouira,36.22,3.54,2021-7-1,27.26,50.44,81.068
Bouira,36.22,3.54,2021-7-2,28.12,46.5,82.616
Bouira,36.22,3.54,2021-7-3,29.99,39.56,85.982
Bouira,36.22,3.54,2021-7-4,29.9,31.31,85.82
Bouira,36.22,3.54,2021-7-5,30.88,27,87.584
Bouira,36.22,3.54,2021-7-6,31.87,28.31,89.366
Bouira,36.22,3.54,2021-7-7,28.97,37.5,84.146
Bouira,36.22,3.54,2021-7-8,26.14,62.19,79.052
Bouira,36.22,3.54,2021-7-9,27.99,53.25,82.382
Bouira,36.22,3.54,2021-7-10,29.65,44.44,85.37
Bouira,36.22,3.54,2021-7-11,33.81,28.69,92.858
Bouira,36.22,3.54,2021-7-12,33.33,24.94,91.994
Bouira,36.22,3.54,2021-7-13,26.09,54.69,78.962
Bouira,36.22,3.54,2021-7-14,23.74,55.81,74.732
Bouira,36.22,3.54,2021-7-15,25.58,57.12,78.044
Bouira,36.22,3.54,2021-7-16,24.68,52.56,76.424
Bouira,36.22,3.54,2021-7-17,26.3,38.81,79.34
Bouira,36.22,3.54,2021-7-18,27.26,37.31,81.068
Bouira,36.22,3.54,2021-7-19,26.57,43.44,79.826
Bouira,36.22,3.54,2021-7-20,27.04,47.06,80.672
Bouira,36.22,3.54,2021-7-21,29.73,31.62,85.514
Bouira,36.22,3.54,2021-7-22,31.42,29.06,88.556
Bouira,36.22,3.54,2021-7-23,32.38,26.25,90.284
Bouira,36.22,3.54,2021-7-24,34.75,22.62,94.55
Bouira,36.22,3.54,2021-7-25,32.28,28.56,90.104
Bouira,36.22,3.54,2021-7-26,28.27,45.62,82.886
Bouira,36.22,3.54,2021-7-27,28.64,50.56,83.552
Bouira,36.22,3.54,2021-7-28,30.24,36.06,86.432
Bouira,36.22,3.54,2021-7-29,31.22,32.69,88.196
Bouira,36.22,3.54,2021-7-30,33.15,26.25,91.67
Bouira,36.22,3.54,2021-7-31,32.93,28.31,91.274
Tamanrasset,22.46,5.31,2021-7-1,27.12,13.69,80.816
Tamanrasset,22.46,5.31,2021-7-2,27.43,15.38,81.374
Tamanrasset,22.46,5.31,2021-7-3,26.89,12.56,80.402
Tamanrasset,22.46,5.31,2021-7-4,27.54,11.5,81.572
Tamanrasset,22.46,5.31,2021-7-5,29.09,12.25,84.362
Tamanrasset,22.46,5.31,2021-7-6,30.63,12.19,87.134
Tamanrasset,22.46,5.31,2021-7-7,29.9,10.06,85.82
Tamanrasset,22.46,5.31,2021-7-8,28.04,15,82.472
Tamanrasset,22.46,5.31,2021-7-9,27,27.31,80.6
Tamanrasset,22.46,5.31,2021-7-10,27.7,28.44,81.86
Tamanrasset,22.46,5.31,2021-7-11,26.83,16.38,80.294
Tamanrasset,22.46,5.31,2021-7-12,28.21,13.38,82.778
Tamanrasset,22.46,5.31,2021-7-13,27.4,12.94,81.32
Tamanrasset,22.46,5.31,2021-7-14,27.56,17.31,81.608
Tamanrasset,22.46,5.31,2021-7-15,27.72,15.5,81.896
Tamanrasset,22.46,5.31,2021-7-16,27.73,17.38,81.914
Tamanrasset,22.46,5.31,2021-7-17,28.26,17.75,82.868
Tamanrasset,22.46,5.31,2021-7-18,30.02,13.94,86.036
Tamanrasset,22.46,5.31,2021-7-19,30.01,16.25,86.018
Tamanrasset,22.46,5.31,2021-7-20,30.31,16.25,86.558
Tamanrasset,22.46,5.31,2021-7-21,27.37,34.62,81.266
Tamanrasset,22.46,5.31,2021-7-22,27.35,39.69,81.23
Tamanrasset,22.46,5.31,2021-7-23,27.62,37.62,81.716
Tamanrasset,22.46,5.31,2021-7-24,27.57,29.69,81.626
Tamanrasset,22.46,5.31,2021-7-25,27.47,31.56,81.446
Tamanrasset,22.46,5.31,2021-7-26,27.48,29.44,81.464
Tamanrasset,22.46,5.31,2021-7-27,26.63,27.5,79.934
Tamanrasset,22.46,5.31,2021-7-28,27.34,30.69,81.212
Tamanrasset,22.46,5.31,2021-7-29,26.3,43.06,79.34
Tamanrasset,22.46,5.31,2021-7-30,27.12,31.5,80.816
Tamanrasset,22.46,5.31,2021-7-31,27.93,23.44,82.274
Tébessa,35.24,8.07,2021-7-1,31.3,24.06,88.34
Tébessa,35.24,8.07,2021-7-2,30.69,26.31,87.242
Tébessa,35.24,8.07,2021-7-3,30.01,32.12,86.018
Tébessa,35.24,8.07,2021-7-4,31.4,26.81,88.52
Tébessa,35.24,8.07,2021-7-5,28.22,31.94,82.796
Tébessa,35.24,8.07,2021-7-6,31.43,29.25,88.574
Tébessa,35.24,8.07,2021-7-7,31.86,27.94,89.348
Tébessa,35.24,8.07,2021-7-8,29.42,35.06,84.956
Tébessa,35.24,8.07,2021-7-9,28.79,43.81,83.822
Tébessa,35.24,8.07,2021-7-10,30.67,31.44,87.206
Tébessa,35.24,8.07,2021-7-11,28.45,31.5,83.21
Tébessa,35.24,8.07,2021-7-12,31.59,24.69,88.862
Tébessa,35.24,8.07,2021-7-13,29.39,35.44,84.902
Tébessa,35.24,8.07,2021-7-14,23.9,52.94,75.02
Tébessa,35.24,8.07,2021-7-15,26.13,42.69,79.034
Tébessa,35.24,8.07,2021-7-16,24.13,49.94,75.434
Tébessa,35.24,8.07,2021-7-17,22.08,54,71.744
Tébessa,35.24,8.07,2021-7-18,21.9,56.56,71.42
Tébessa,35.24,8.07,2021-7-19,23.12,49.88,73.616
Tébessa,35.24,8.07,2021-7-20,25.69,44.69,78.242
Tébessa,35.24,8.07,2021-7-21,26.5,42.69,79.7
Tébessa,35.24,8.07,2021-7-22,26.23,36.19,79.214
Tébessa,35.24,8.07,2021-7-23,27.99,32.44,82.382
Tébessa,35.24,8.07,2021-7-24,29.88,26.5,85.784
Tébessa,35.24,8.07,2021-7-25,30.92,23.62,87.656
Tébessa,35.24,8.07,2021-7-26,29.4,20.75,84.92
Tébessa,35.24,8.07,2021-7-27,28.34,25.75,83.012
Tébessa,35.24,8.07,2021-7-28,29.63,22.56,85.334
Tébessa,35.24,8.07,2021-7-29,31.29,23.56,88.322
Tébessa,35.24,8.07,2021-7-30,32.04,21.62,89.672
Tébessa,35.24,8.07,2021-7-31,32.4,21.06,90.32
Tlemcen,34.52,-1.18,2021-7-1,25.58,55.75,78.044
Tlemcen,34.52,-1.18,2021-7-2,28.16,42.44,82.688
Tlemcen,34.52,-1.18,2021-7-3,28.99,36.62,84.182
Tlemcen,34.52,-1.18,2021-7-4,28.01,31.5,82.418
Tlemcen,34.52,-1.18,2021-7-5,29.7,30.75,85.46
Tlemcen,34.52,-1.18,2021-7-6,27.81,36.5,82.058
Tlemcen,34.52,-1.18,2021-7-7,25.22,45.19,77.396
Tlemcen,34.52,-1.18,2021-7-8,25.65,41.88,78.17
Tlemcen,34.52,-1.18,2021-7-9,27.84,54,82.112
Tlemcen,34.52,-1.18,2021-7-10,31.67,29.19,89.006
Tlemcen,34.52,-1.18,2021-7-11,33.53,21.81,92.354
Tlemcen,34.52,-1.18,2021-7-12,29.97,33.44,85.946
Tlemcen,34.52,-1.18,2021-7-13,24.34,40.62,75.812
Tlemcen,34.52,-1.18,2021-7-14,25.05,46.25,77.09
Tlemcen,34.52,-1.18,2021-7-15,25.08,52.25,77.144
Tlemcen,34.52,-1.18,2021-7-16,25.44,58.25,77.792
Tlemcen,34.52,-1.18,2021-7-17,27.98,46,82.364
Tlemcen,34.52,-1.18,2021-7-18,26.05,51.62,78.89
Tlemcen,34.52,-1.18,2021-7-19,25.46,47.75,77.828
Tlemcen,34.52,-1.18,2021-7-20,25.96,50.75,78.728
Tlemcen,34.52,-1.18,2021-7-21,28.42,46.81,83.156
Tlemcen,34.52,-1.18,2021-7-22,28.99,47.31,84.182
Tlemcen,34.52,-1.18,2021-7-23,32.51,36.94,90.518
Tlemcen,34.52,-1.18,2021-7-24,30.43,37.81,86.774
Tlemcen,34.52,-1.18,2021-7-25,27.7,37.31,81.86
Tlemcen,34.52,-1.18,2021-7-26,24.4,52.31,75.92
Tlemcen,34.52,-1.18,2021-7-27,26.11,54.62,78.998
Tlemcen,34.52,-1.18,2021-7-28,27.26,56.38,81.068
Tlemcen,34.52,-1.18,2021-7-29,29.46,51.19,85.028
Tlemcen,34.52,-1.18,2021-7-30,32.31,36.62,90.158
Tlemcen,34.52,-1.18,2021-7-31,27.49,40.94,81.482
Tiaret,35.22,1.18,2021-7-1,26.58,50.62,79.844
Tiaret,35.22,1.18,2021-7-2,28.08,41.19,82.544
Tiaret,35.22,1.18,2021-7-3,29.95,31.88,85.91
Tiaret,35.22,1.18,2021-7-4,28.76,27.56,83.768
Tiaret,35.22,1.18,2021-7-5,30.18,26.25,86.324
Tiaret,35.22,1.18,2021-7-6,29.33,30.19,84.794
Tiaret,35.22,1.18,2021-7-7,26.73,39.62,80.114
Tiaret,35.22,1.18,2021-7-8,26.69,50.94,80.042
Tiaret,35.22,1.18,2021-7-9,30.21,43.88,86.378
Tiaret,35.22,1.18,2021-7-10,31.32,31.88,88.376
Tiaret,35.22,1.18,2021-7-11,33.94,25.75,93.092
Tiaret,35.22,1.18,2021-7-12,30,31.25,86
Tiaret,35.22,1.18,2021-7-13,25.6,40.25,78.08
Tiaret,35.22,1.18,2021-7-14,25.36,45.88,77.648
Tiaret,35.22,1.18,2021-7-15,27.56,41.31,81.608
Tiaret,35.22,1.18,2021-7-16,27.12,42.12,80.816
Tiaret,35.22,1.18,2021-7-17,29.42,29.81,84.956
Tiaret,35.22,1.18,2021-7-18,27.08,39.94,80.744
Tiaret,35.22,1.18,2021-7-19,27.19,37.56,80.942
Tiaret,35.22,1.18,2021-7-20,27.61,42.31,81.698
Tiaret,35.22,1.18,2021-7-21,30.15,29.31,86.27
Tiaret,35.22,1.18,2021-7-22,30.19,30.5,86.342
Tiaret,35.22,1.18,2021-7-23,32.75,24.31,90.95
Tiaret,35.22,1.18,2021-7-24,33.15,23.12,91.67
Tiaret,35.22,1.18,2021-7-25,29.3,27.5,84.74
Tiaret,35.22,1.18,2021-7-26,25.69,43.19,78.242
Tiaret,35.22,1.18,2021-7-27,27.62,50.56,81.716
Tiaret,35.22,1.18,2021-7-28,29.81,34,85.658
Tiaret,35.22,1.18,2021-7-29,29.4,38,84.92
Tiaret,35.22,1.18,2021-7-30,33.94,26.06,93.092
Tiaret,35.22,1.18,2021-7-31,29.65,31.25,85.37
Tizi_Ouzou,36.43,4.02,2021-7-1,27.26,50.44,81.068
Tizi_Ouzou,36.43,4.02,2021-7-2,28.12,46.5,82.616
Tizi_Ouzou,36.43,4.02,2021-7-3,29.99,39.56,85.982
Tizi_Ouzou,36.43,4.02,2021-7-4,29.9,31.31,85.82
Tizi_Ouzou,36.43,4.02,2021-7-5,30.88,27,87.584
Tizi_Ouzou,36.43,4.02,2021-7-6,31.87,28.31,89.366
Tizi_Ouzou,36.43,4.02,2021-7-7,28.97,37.5,84.146
Tizi_Ouzou,36.43,4.02,2021-7-8,26.14,62.19,79.052
Tizi_Ouzou,36.43,4.02,2021-7-9,27.99,53.25,82.382
Tizi_Ouzou,36.43,4.02,2021-7-10,29.65,44.44,85.37
Tizi_Ouzou,36.43,4.02,2021-7-11,33.81,28.69,92.858
Tizi_Ouzou,36.43,4.02,2021-7-12,33.33,24.94,91.994
Tizi_Ouzou,36.43,4.02,2021-7-13,26.09,54.69,78.962
Tizi_Ouzou,36.43,4.02,2021-7-14,23.74,55.81,74.732
Tizi_Ouzou,36.43,4.02,2021-7-15,25.58,57.12,78.044
Tizi_Ouzou,36.43,4.02,2021-7-16,24.68,52.56,76.424
Tizi_Ouzou,36.43,4.02,2021-7-17,26.3,38.81,79.34
Tizi_Ouzou,36.43,4.02,2021-7-18,27.26,37.31,81.068
Tizi_Ouzou,36.43,4.02,2021-7-19,26.57,43.44,79.826
Tizi_Ouzou,36.43,4.02,2021-7-20,27.04,47.06,80.672
Tizi_Ouzou,36.43,4.02,2021-7-21,29.73,31.62,85.514
Tizi_Ouzou,36.43,4.02,2021-7-22,31.42,29.06,88.556
Tizi_Ouzou,36.43,4.02,2021-7-23,32.38,26.25,90.284
Tizi_Ouzou,36.43,4.02,2021-7-24,34.75,22.62,94.55
Tizi_Ouzou,36.43,4.02,2021-7-25,32.28,28.56,90.104
Tizi_Ouzou,36.43,4.02,2021-7-26,28.27,45.62,82.886
Tizi_Ouzou,36.43,4.02,2021-7-27,28.64,50.56,83.552
Tizi_Ouzou,36.43,4.02,2021-7-28,30.24,36.06,86.432
Tizi_Ouzou,36.43,4.02,2021-7-29,31.22,32.69,88.196
Tizi_Ouzou,36.43,4.02,2021-7-30,33.15,26.25,91.67
Tizi_Ouzou,36.43,4.02,2021-7-31,32.93,28.31,91.274
Alger,36.45,3.03,2021-7-1,23.8,79.25,74.84
Alger,36.45,3.03,2021-7-2,23.79,83.88,74.822
Alger,36.45,3.03,2021-7-3,24.9,73.81,76.82
Alger,36.45,3.03,2021-7-4,25.39,69.31,77.702
Alger,36.45,3.03,2021-7-5,26.28,61.44,79.304
Alger,36.45,3.03,2021-7-6,26.32,66.19,79.376
Alger,36.45,3.03,2021-7-7,25.73,72.56,78.314
Alger,36.45,3.03,2021-7-8,24.68,86.69,76.424
Alger,36.45,3.03,2021-7-9,24.78,76.5,76.604
Alger,36.45,3.03,2021-7-10,25.09,76.62,77.162
Alger,36.45,3.03,2021-7-11,27.16,65.56,80.888
Alger,36.45,3.03,2021-7-12,27.35,63.06,81.23
Alger,36.45,3.03,2021-7-13,24.97,75.94,76.946
Alger,36.45,3.03,2021-7-14,24.28,67.38,75.704
Alger,36.45,3.03,2021-7-15,24.37,74.25,75.866
Alger,36.45,3.03,2021-7-16,24.38,70.62,75.884
Alger,36.45,3.03,2021-7-17,25.01,66.75,77.018
Alger,36.45,3.03,2021-7-18,25.4,68.31,77.72
Alger,36.45,3.03,2021-7-19,25.28,72.56,77.504
Alger,36.45,3.03,2021-7-20,25.63,73.44,78.134
Alger,36.45,3.03,2021-7-21,26.88,64.75,80.384
Alger,36.45,3.03,2021-7-22,27.19,63.88,80.942
Alger,36.45,3.03,2021-7-23,27.34,66.88,81.212
Alger,36.45,3.03,2021-7-24,28.89,59.19,84.002
Alger,36.45,3.03,2021-7-25,26.97,71.44,80.546
Alger,36.45,3.03,2021-7-26,25.48,75.94,77.864
Alger,36.45,3.03,2021-7-27,25.37,82.12,77.666
Alger,36.45,3.03,2021-7-28,25.87,83.44,78.566
Alger,36.45,3.03,2021-7-29,26.89,78.94,80.402
Alger,36.45,3.03,2021-7-30,27.33,75.31,81.194
Alger,36.45,3.03,2021-7-31,28.55,63.06,83.39
Djelfa,34.4,3.15,2021-7-1,24.44,72.88,75.992
Djelfa,34.4,3.15,2021-7-2,25.19,70.25,77.342
Djelfa,34.4,3.15,2021-7-3,25.98,68.81,78.764
Djelfa,34.4,3.15,2021-7-4,26.12,66.62,79.016
Djelfa,34.4,3.15,2021-7-5,26.8,65.69,80.24
Djelfa,34.4,3.15,2021-7-6,27.8,62.56,82.04
Djelfa,34.4,3.15,2021-7-7,26.9,63.5,80.42
Djelfa,34.4,3.15,2021-7-8,25.69,76.12,78.242
Djelfa,34.4,3.15,2021-7-9,25.52,71.88,77.936
Djelfa,34.4,3.15,2021-7-10,25.74,68.75,78.332
Djelfa,34.4,3.15,2021-7-11,29.09,52.31,84.362
Djelfa,34.4,3.15,2021-7-12,29.15,56.56,84.47
Djelfa,34.4,3.15,2021-7-13,25.23,73.75,77.414
Djelfa,34.4,3.15,2021-7-14,24.24,65.94,75.632
Djelfa,34.4,3.15,2021-7-15,25.09,66.44,77.162
Djelfa,34.4,3.15,2021-7-16,24.66,65.75,76.388
Djelfa,34.4,3.15,2021-7-17,25.07,62,77.126
Djelfa,34.4,3.15,2021-7-18,25.58,61.31,78.044
Djelfa,34.4,3.15,2021-7-19,25.58,67.62,78.044
Djelfa,34.4,3.15,2021-7-20,26.48,70,79.664
Djelfa,34.4,3.15,2021-7-21,27.7,61.31,81.86
Djelfa,34.4,3.15,2021-7-22,28.56,57.38,83.408
Djelfa,34.4,3.15,2021-7-23,30.15,51.31,86.27
Djelfa,34.4,3.15,2021-7-24,32.65,43.75,90.77
Djelfa,34.4,3.15,2021-7-25,29.15,61.25,84.47
Djelfa,34.4,3.15,2021-7-26,27.59,72.19,81.662
Djelfa,34.4,3.15,2021-7-27,27.6,70.12,81.68
Djelfa,34.4,3.15,2021-7-28,28.9,63.69,84.02
Djelfa,34.4,3.15,2021-7-29,28.57,67.88,83.426
Djelfa,34.4,3.15,2021-7-30,29.51,61.44,85.118
Djelfa,34.4,3.15,2021-7-31,29.94,60.06,85.892
Jijel,36.47,5.46,2021-7-1,29.73,35.44,85.514
Jijel,36.47,5.46,2021-7-2,30.55,34.25,86.99
Jijel,36.47,5.46,2021-7-3,30.47,31.69,86.846
Jijel,36.47,5.46,2021-7-4,30.16,30.94,86.288
Jijel,36.47,5.46,2021-7-5,28.71,33.12,83.678
Jijel,36.47,5.46,2021-7-6,30.3,31.38,86.54
Jijel,36.47,5.46,2021-7-7,28.83,36.19,83.894
Jijel,36.47,5.46,2021-7-8,27.49,41.38,81.482
Jijel,36.47,5.46,2021-7-9,27.5,47.75,81.5
Jijel,36.47,5.46,2021-7-10,29.93,33,85.874
Jijel,36.47,5.46,2021-7-11,30,32.56,86
Jijel,36.47,5.46,2021-7-12,30.6,28.88,87.08
Jijel,36.47,5.46,2021-7-13,26.47,45.06,79.646
Jijel,36.47,5.46,2021-7-14,22.26,56.69,72.068
Jijel,36.47,5.46,2021-7-15,24.56,51.38,76.208
Jijel,36.47,5.46,2021-7-16,22.8,56.38,73.04
Jijel,36.47,5.46,2021-7-17,22.12,51.19,71.816
Jijel,36.47,5.46,2021-7-18,22.95,47.75,73.31
Jijel,36.47,5.46,2021-7-19,23.71,49.12,74.678
Jijel,36.47,5.46,2021-7-20,25.06,45.88,77.108
Jijel,36.47,5.46,2021-7-21,25.92,38.5,78.656
Jijel,36.47,5.46,2021-7-22,27.15,37.12,80.87
Jijel,36.47,5.46,2021-7-23,28.05,34.75,82.49
Jijel,36.47,5.46,2021-7-24,29.03,31.81,84.254
Jijel,36.47,5.46,2021-7-25,30.06,28.31,86.108
Jijel,36.47,5.46,2021-7-26,28.75,28,83.75
Jijel,36.47,5.46,2021-7-27,28.23,26.12,82.814
Jijel,36.47,5.46,2021-7-28,28.44,28.44,83.192
Jijel,36.47,5.46,2021-7-29,29.73,28.5,85.514
Jijel,36.47,5.46,2021-7-30,31.2,25.38,88.16
Jijel,36.47,5.46,2021-7-31,30.61,27.75,87.098
Setif,36.11,5.24,2021-7-1,24.77,67.06,76.586
Setif,36.11,5.24,2021-7-2,25.69,64.56,78.242
Setif,36.11,5.24,2021-7-3,26.7,59.69,80.06
Setif,36.11,5.24,2021-7-4,27.13,56.62,80.834
Setif,36.11,5.24,2021-7-5,26.44,64.56,79.592
Setif,36.11,5.24,2021-7-6,28.5,54.19,83.3
Setif,36.11,5.24,2021-7-7,27.72,59.56,81.896
Setif,36.11,5.24,2021-7-8,26.18,72.31,79.124
Setif,36.11,5.24,2021-7-9,25.66,66.5,78.188
Setif,36.11,5.24,2021-7-10,25.55,62,77.99
Setif,36.11,5.24,2021-7-11,28,51.75,82.4
Setif,36.11,5.24,2021-7-12,29.63,52.19,85.334
Setif,36.11,5.24,2021-7-13,25.62,69.12,78.116
Setif,36.11,5.24,2021-7-14,24.09,61.56,75.362
Setif,36.11,5.24,2021-7-15,24.6,63.5,76.28
Setif,36.11,5.24,2021-7-16,24.49,63.5,76.082
Setif,36.11,5.24,2021-7-17,24.69,63.94,76.442
Setif,36.11,5.24,2021-7-18,25.05,64.88,77.09
Setif,36.11,5.24,2021-7-19,25.26,69.31,77.468
Setif,36.11,5.24,2021-7-20,26.15,65.94,79.07
Setif,36.11,5.24,2021-7-21,26.94,61.5,80.492
Setif,36.11,5.24,2021-7-22,27.8,56.12,82.04
Setif,36.11,5.24,2021-7-23,29.15,48.69,84.47
Setif,36.11,5.24,2021-7-24,32.94,35.25,91.292
Setif,36.11,5.24,2021-7-25,30.49,48.62,86.882
Setif,36.11,5.24,2021-7-26,28.92,61,84.056
Setif,36.11,5.24,2021-7-27,29.3,61.62,84.74
Setif,36.11,5.24,2021-7-28,30.33,51.69,86.594
Setif,36.11,5.24,2021-7-29,29.33,62.06,84.794
Setif,36.11,5.24,2021-7-30,30.67,52.12,87.206
Setif,36.11,5.24,2021-7-31,31.01,52.5,87.818
Saida,34.49,0.09,2021-7-1,27.26,46.31,81.068
Saida,34.49,0.09,2021-7-2,29.16,35.69,84.488
Saida,34.49,0.09,2021-7-3,30.67,28.94,87.206
Saida,34.49,0.09,2021-7-4,29.67,24.94,85.406
Saida,34.49,0.09,2021-7-5,31.11,24.06,87.998
Saida,34.49,0.09,2021-7-6,29.73,27.62,85.514
Saida,34.49,0.09,2021-7-7,26.79,35.75,80.222
Saida,34.49,0.09,2021-7-8,26.35,39.56,79.43
Saida,34.49,0.09,2021-7-9,29.98,42.69,85.964
Saida,34.49,0.09,2021-7-10,32.9,21.38,91.22
Saida,34.49,0.09,2021-7-11,34.29,17.5,93.722
Saida,34.49,0.09,2021-7-12,31.13,27.5,88.034
Saida,34.49,0.09,2021-7-13,25.65,32.44,78.17
Saida,34.49,0.09,2021-7-14,25.62,44.62,78.116
Saida,34.49,0.09,2021-7-15,26.23,42.19,79.214
Saida,34.49,0.09,2021-7-16,26.08,49.81,78.944
Saida,34.49,0.09,2021-7-17,29.37,31.56,84.866
Saida,34.49,0.09,2021-7-18,27.07,41.31,80.726
Saida,34.49,0.09,2021-7-19,26.8,37.5,80.24
Saida,34.49,0.09,2021-7-20,27.65,41.75,81.77
Saida,34.49,0.09,2021-7-21,30.15,33.06,86.27
Saida,34.49,0.09,2021-7-22,30.19,32.62,86.342
Saida,34.49,0.09,2021-7-23,33.5,24.94,92.3
Saida,34.49,0.09,2021-7-24,33.19,21.12,91.742
Saida,34.49,0.09,2021-7-25,29.53,27.94,85.154
Saida,34.49,0.09,2021-7-26,25.49,43.12,77.882
Saida,34.49,0.09,2021-7-27,27.19,50.19,80.942
Saida,34.49,0.09,2021-7-28,29.33,39.5,84.794
Saida,34.49,0.09,2021-7-29,31.31,39.81,88.358
Saida,34.49,0.09,2021-7-30,34.45,24.38,94.01
Saida,34.49,0.09,2021-7-31,29.77,29.69,85.586
Skikda,36.51,6.56,2021-7-1,24.77,67.06,76.586
Skikda,36.51,6.56,2021-7-2,25.69,64.56,78.242
Skikda,36.51,6.56,2021-7-3,26.7,59.69,80.06
Skikda,36.51,6.56,2021-7-4,27.13,56.62,80.834
Skikda,36.51,6.56,2021-7-5,26.44,64.56,79.592
Skikda,36.51,6.56,2021-7-6,28.5,54.19,83.3
Skikda,36.51,6.56,2021-7-7,27.72,59.56,81.896
Skikda,36.51,6.56,2021-7-8,26.18,72.31,79.124
Skikda,36.51,6.56,2021-7-9,25.66,66.5,78.188
Skikda,36.51,6.56,2021-7-10,25.55,62,77.99
Skikda,36.51,6.56,2021-7-11,28,51.75,82.4
Skikda,36.51,6.56,2021-7-12,29.63,52.19,85.334
Skikda,36.51,6.56,2021-7-13,25.62,69.12,78.116
Skikda,36.51,6.56,2021-7-14,24.09,61.56,75.362
Skikda,36.51,6.56,2021-7-15,24.6,63.5,76.28
Skikda,36.51,6.56,2021-7-16,24.49,63.5,76.082
Skikda,36.51,6.56,2021-7-17,24.69,63.94,76.442
Skikda,36.51,6.56,2021-7-18,25.05,64.88,77.09
Skikda,36.51,6.56,2021-7-19,25.26,69.31,77.468
Skikda,36.51,6.56,2021-7-20,26.15,65.94,79.07
Skikda,36.51,6.56,2021-7-21,26.94,61.5,80.492
Skikda,36.51,6.56,2021-7-22,27.8,56.12,82.04
Skikda,36.51,6.56,2021-7-23,29.15,48.69,84.47
Skikda,36.51,6.56,2021-7-24,32.94,35.25,91.292
Skikda,36.51,6.56,2021-7-25,30.49,48.62,86.882
Skikda,36.51,6.56,2021-7-26,28.92,61,84.056
Skikda,36.51,6.56,2021-7-27,29.3,61.62,84.74
Skikda,36.51,6.56,2021-7-28,30.33,51.69,86.594
Skikda,36.51,6.56,2021-7-29,29.33,62.06,84.794
Skikda,36.51,6.56,2021-7-30,30.67,52.12,87.206
Skikda,36.51,6.56,2021-7-31,31.01,52.5,87.818
Sidi_Bel_Abbès,35.11,-0.38,2021-7-1,26.73,49.12,80.114
Sidi_Bel_Abbès,35.11,-0.38,2021-7-2,28.81,37.06,83.858
Sidi_Bel_Abbès,35.11,-0.38,2021-7-3,29.87,31.81,85.766
Sidi_Bel_Abbès,35.11,-0.38,2021-7-4,28.79,26.31,83.822
Sidi_Bel_Abbès,35.11,-0.38,2021-7-5,30.63,25.38,87.134
Sidi_Bel_Abbès,35.11,-0.38,2021-7-6,28.9,30,84.02
Sidi_Bel_Abbès,35.11,-0.38,2021-7-7,25.87,39.19,78.566
Sidi_Bel_Abbès,35.11,-0.38,2021-7-8,26.09,39.12,78.962
Sidi_Bel_Abbès,35.11,-0.38,2021-7-9,28.87,48.69,83.966
Sidi_Bel_Abbès,35.11,-0.38,2021-7-10,32.73,23.31,90.914
Sidi_Bel_Abbès,35.11,-0.38,2021-7-11,34.41,17.81,93.938
Sidi_Bel_Abbès,35.11,-0.38,2021-7-12,30.78,28.44,87.404
Sidi_Bel_Abbès,35.11,-0.38,2021-7-13,25,34.12,77
Sidi_Bel_Abbès,35.11,-0.38,2021-7-14,25.3,45.88,77.54
Sidi_Bel_Abbès,35.11,-0.38,2021-7-15,25.54,47.25,77.972
Sidi_Bel_Abbès,35.11,-0.38,2021-7-16,25.44,55.44,77.792
Sidi_Bel_Abbès,35.11,-0.38,2021-7-17,28.94,37.56,84.092
Sidi_Bel_Abbès,35.11,-0.38,2021-7-18,26.34,47.06,79.412
Sidi_Bel_Abbès,35.11,-0.38,2021-7-19,26.23,40.25,79.214
Sidi_Bel_Abbès,35.11,-0.38,2021-7-20,26.98,44.69,80.564
Sidi_Bel_Abbès,35.11,-0.38,2021-7-21,29.55,39.38,85.19
Sidi_Bel_Abbès,35.11,-0.38,2021-7-22,29.76,39.19,85.568
Sidi_Bel_Abbès,35.11,-0.38,2021-7-23,32.98,31.12,91.364
Sidi_Bel_Abbès,35.11,-0.38,2021-7-24,31.85,27.44,89.33
Sidi_Bel_Abbès,35.11,-0.38,2021-7-25,28.51,31.56,83.318
Sidi_Bel_Abbès,35.11,-0.38,2021-7-26,24.73,47.5,76.514
Sidi_Bel_Abbès,35.11,-0.38,2021-7-27,26.48,53.31,79.664
Sidi_Bel_Abbès,35.11,-0.38,2021-7-28,28.49,46.88,83.282
Sidi_Bel_Abbès,35.11,-0.38,2021-7-29,30.68,45.75,87.224
Sidi_Bel_Abbès,35.11,-0.38,2021-7-30,33.53,29.38,92.354
Sidi_Bel_Abbès,35.11,-0.38,2021-7-31,28.61,33.38,83.498
Annaba,36.53,7.46,2021-7-1,24.88,69,76.784
Annaba,36.53,7.46,2021-7-2,25.6,67.88,78.08
Annaba,36.53,7.46,2021-7-3,26.38,64.06,79.484
Annaba,36.53,7.46,2021-7-4,26.73,62.88,80.114
Annaba,36.53,7.46,2021-7-5,25.98,72.44,78.764
Annaba,36.53,7.46,2021-7-6,28.37,56.44,83.066
Annaba,36.53,7.46,2021-7-7,27.26,65.75,81.068
Annaba,36.53,7.46,2021-7-8,26.08,78.31,78.944
Annaba,36.53,7.46,2021-7-9,25.7,67.56,78.26
Annaba,36.53,7.46,2021-7-10,25.28,63.25,77.504
Annaba,36.53,7.46,2021-7-11,27.75,53.62,81.95
Annaba,36.53,7.46,2021-7-12,29.31,55,84.758
Annaba,36.53,7.46,2021-7-13,25.76,70.94,78.368
Annaba,36.53,7.46,2021-7-14,24.19,61.75,75.542
Annaba,36.53,7.46,2021-7-15,24.68,64.38,76.424
Annaba,36.53,7.46,2021-7-16,24.77,63.88,76.586
Annaba,36.53,7.46,2021-7-17,24.94,66.12,76.892
Annaba,36.53,7.46,2021-7-18,25.2,67.56,77.36
Annaba,36.53,7.46,2021-7-19,25.28,73.44,77.504
Annaba,36.53,7.46,2021-7-20,26.05,70,78.89
Annaba,36.53,7.46,2021-7-21,26.78,65.62,80.204
Annaba,36.53,7.46,2021-7-22,27.62,59.69,81.716
Annaba,36.53,7.46,2021-7-23,29.01,50.5,84.218
Annaba,36.53,7.46,2021-7-24,32.57,37.5,90.626
Annaba,36.53,7.46,2021-7-25,30.55,48.88,86.99
Annaba,36.53,7.46,2021-7-26,28.76,63.75,83.768
Annaba,36.53,7.46,2021-7-27,29.04,65.75,84.272
Annaba,36.53,7.46,2021-7-28,30.4,49.94,86.72
Annaba,36.53,7.46,2021-7-29,28.98,68.81,84.164
Annaba,36.53,7.46,2021-7-30,30.37,55.75,86.666
Annaba,36.53,7.46,2021-7-31,31.3,54,88.34
Guelma,36.27,7.26,2021-7-1,25.78,55.69,78.404
Guelma,36.27,7.26,2021-7-2,27.56,43.69,81.608
Guelma,36.27,7.26,2021-7-3,30.31,39,86.558
Guelma,36.27,7.26,2021-7-4,30.67,33.75,87.206
Guelma,36.27,7.26,2021-7-5,28.53,38.06,83.354
Guelma,36.27,7.26,2021-7-6,32.41,32.75,90.338
Guelma,36.27,7.26,2021-7-7,30.71,38.62,87.278
Guelma,36.27,7.26,2021-7-8,28.09,50.5,82.562
Guelma,36.27,7.26,2021-7-9,26.52,59.75,79.736
Guelma,36.27,7.26,2021-7-10,27.03,49.69,80.654
Guelma,36.27,7.26,2021-7-11,29.87,34.06,85.766
Guelma,36.27,7.26,2021-7-12,33.7,30.75,92.66
Guelma,36.27,7.26,2021-7-13,27.08,53.5,80.744
Guelma,36.27,7.26,2021-7-14,23.8,56.44,74.84
Guelma,36.27,7.26,2021-7-15,24.83,53.69,76.694
Guelma,36.27,7.26,2021-7-16,23.87,58.19,74.966
Guelma,36.27,7.26,2021-7-17,23.38,60.81,74.084
Guelma,36.27,7.26,2021-7-18,24.14,59.25,75.452
Guelma,36.27,7.26,2021-7-19,24.6,59.88,76.28
Guelma,36.27,7.26,2021-7-20,26.81,48.81,80.258
Guelma,36.27,7.26,2021-7-21,27.84,43.75,82.112
Guelma,36.27,7.26,2021-7-22,28.62,37.88,83.516
Guelma,36.27,7.26,2021-7-23,30.51,29.75,86.918
Guelma,36.27,7.26,2021-7-24,33.83,24.38,92.894
Guelma,36.27,7.26,2021-7-25,33.81,26.44,92.858
Guelma,36.27,7.26,2021-7-26,32.73,30.5,90.914
Guelma,36.27,7.26,2021-7-27,30.92,36,87.656
Guelma,36.27,7.26,2021-7-28,33.68,24.19,92.624
Guelma,36.27,7.26,2021-7-29,33.23,30.75,91.814
Guelma,36.27,7.26,2021-7-30,34.35,27.44,93.83
Guelma,36.27,7.26,2021-7-31,33.77,28.94,92.786
Constantine,36.21,6.36,2021-7-1,26.49,49.25,79.682
Constantine,36.21,6.36,2021-7-2,28.51,38.31,83.318
Constantine,36.21,6.36,2021-7-3,30.9,33.31,87.62
Constantine,36.21,6.36,2021-7-4,30.95,28.62,87.71
Constantine,36.21,6.36,2021-7-5,29.47,32.31,85.046
Constantine,36.21,6.36,2021-7-6,32.9,27.38,91.22
Constantine,36.21,6.36,2021-7-7,30.83,32.94,87.494
Constantine,36.21,6.36,2021-7-8,27.87,48.94,82.166
Constantine,36.21,6.36,2021-7-9,26.83,55.94,80.294
Constantine,36.21,6.36,2021-7-10,27.84,44.12,82.112
Constantine,36.21,6.36,2021-7-11,30.93,29.25,87.674
Constantine,36.21,6.36,2021-7-12,34.59,24.56,94.262
Constantine,36.21,6.36,2021-7-13,26.67,52.56,80.006
Constantine,36.21,6.36,2021-7-14,23.6,54.62,74.48
Constantine,36.21,6.36,2021-7-15,24.84,52.62,76.712
Constantine,36.21,6.36,2021-7-16,23.76,57.12,74.768
Constantine,36.21,6.36,2021-7-17,23.56,57.31,74.408
Constantine,36.21,6.36,2021-7-18,24.19,55.69,75.542
Constantine,36.21,6.36,2021-7-19,24.76,55.12,76.568
Constantine,36.21,6.36,2021-7-20,26.76,46.62,80.168
Constantine,36.21,6.36,2021-7-21,27.85,39.88,82.13
Constantine,36.21,6.36,2021-7-22,29.01,33.62,84.218
Constantine,36.21,6.36,2021-7-23,31.18,26,88.124
Constantine,36.21,6.36,2021-7-24,34.39,20.56,93.902
Constantine,36.21,6.36,2021-7-25,33.83,25.69,92.894
Constantine,36.21,6.36,2021-7-26,32.32,29.38,90.176
Constantine,36.21,6.36,2021-7-27,31.6,32.81,88.88
Constantine,36.21,6.36,2021-7-28,33.55,23.69,92.39
Constantine,36.21,6.36,2021-7-29,33.19,29.5,91.742
Constantine,36.21,6.36,2021-7-30,34.13,25.12,93.434
Constantine,36.21,6.36,2021-7-31,33.69,26,92.642
Médéa,36.16,2.45,2021-7-1,25.63,61.75,78.134
Médéa,36.16,2.45,2021-7-2,26.28,57.88,79.304
Médéa,36.16,2.45,2021-7-3,28.58,44.56,83.444
Médéa,36.16,2.45,2021-7-4,28.58,39.19,83.444
Médéa,36.16,2.45,2021-7-5,29.5,33.44,85.1
Médéa,36.16,2.45,2021-7-6,29.62,37.69,85.316
Médéa,36.16,2.45,2021-7-7,27.48,49.94,81.464
Médéa,36.16,2.45,2021-7-8,25.38,72.19,77.684
Médéa,36.16,2.45,2021-7-9,26.22,64.94,79.196
Médéa,36.16,2.45,2021-7-10,28.08,56.12,82.544
Médéa,36.16,2.45,2021-7-11,31.58,37.94,88.844
Médéa,36.16,2.45,2021-7-12,31.05,35.75,87.89
Médéa,36.16,2.45,2021-7-13,25.2,63.5,77.36
Médéa,36.16,2.45,2021-7-14,24.12,58.75,75.416
Médéa,36.16,2.45,2021-7-15,24.37,65.06,75.866
Médéa,36.16,2.45,2021-7-16,24.75,57.31,76.55
Médéa,36.16,2.45,2021-7-17,27.18,41.19,80.924
Médéa,36.16,2.45,2021-7-18,27.49,43,81.482
Médéa,36.16,2.45,2021-7-19,26.69,49.44,80.042
Médéa,36.16,2.45,2021-7-20,27.26,47.81,81.068
Médéa,36.16,2.45,2021-7-21,29.54,38.5,85.172
Médéa,36.16,2.45,2021-7-22,29.99,37.12,85.982
Médéa,36.16,2.45,2021-7-23,30.76,34.88,87.368
Médéa,36.16,2.45,2021-7-24,32.9,31.12,91.22
Médéa,36.16,2.45,2021-7-25,30.37,41,86.666
Médéa,36.16,2.45,2021-7-26,26.9,52.12,80.42
Médéa,36.16,2.45,2021-7-27,26.62,66.19,79.916
Médéa,36.16,2.45,2021-7-28,27.72,58.94,81.896
Médéa,36.16,2.45,2021-7-29,29.08,54.62,84.344
Médéa,36.16,2.45,2021-7-30,31.55,40.81,88.79
Médéa,36.16,2.45,2021-7-31,31.72,34.12,89.096
Mostaganem,35.55,0.05,2021-7-1,23.38,81.25,74.084
Mostaganem,35.55,0.05,2021-7-2,23.94,73.75,75.092
Mostaganem,35.55,0.05,2021-7-3,26,59,78.8
Mostaganem,35.55,0.05,2021-7-4,25.89,56.31,78.602
Mostaganem,35.55,0.05,2021-7-5,26.36,55.19,79.448
Mostaganem,35.55,0.05,2021-7-6,26.24,56.56,79.232
Mostaganem,35.55,0.05,2021-7-7,24.89,69.56,76.802
Mostaganem,35.55,0.05,2021-7-8,24.79,71.31,76.622
Mostaganem,35.55,0.05,2021-7-9,24.99,77.06,76.982
Mostaganem,35.55,0.05,2021-7-10,25.08,76.5,77.144
Mostaganem,35.55,0.05,2021-7-11,27.49,62.44,81.482
Mostaganem,35.55,0.05,2021-7-12,26.75,57.56,80.15
Mostaganem,35.55,0.05,2021-7-13,25.11,67.31,77.198
Mostaganem,35.55,0.05,2021-7-14,25.28,63.5,77.504
Mostaganem,35.55,0.05,2021-7-15,24.67,70.19,76.406
Mostaganem,35.55,0.05,2021-7-16,24.84,69.5,76.712
Mostaganem,35.55,0.05,2021-7-17,25.04,70.19,77.072
Mostaganem,35.55,0.05,2021-7-18,24.44,76.56,75.992
Mostaganem,35.55,0.05,2021-7-19,25.22,65.88,77.396
Mostaganem,35.55,0.05,2021-7-20,25.05,73.44,77.09
Mostaganem,35.55,0.05,2021-7-21,26.37,69.44,79.466
Mostaganem,35.55,0.05,2021-7-22,26.18,78.44,79.124
Mostaganem,35.55,0.05,2021-7-23,28.51,62,83.318
Mostaganem,35.55,0.05,2021-7-24,27.93,59.31,82.274
Mostaganem,35.55,0.05,2021-7-25,26.48,56.62,79.664
Mostaganem,35.55,0.05,2021-7-26,25.06,74,77.108
Mostaganem,35.55,0.05,2021-7-27,25.35,76.75,77.63
Mostaganem,35.55,0.05,2021-7-28,25.65,81.81,78.17
Mostaganem,35.55,0.05,2021-7-29,25.69,83.81,78.242
Mostaganem,35.55,0.05,2021-7-30,27.33,70.81,81.194
Mostaganem,35.55,0.05,2021-7-31,26.99,54.94,80.582
M'Sila,35.43,4.31,2021-7-1,32.71,32.38,90.878
M'Sila,35.43,4.31,2021-7-2,34,28.81,93.2
M'Sila,35.43,4.31,2021-7-3,34.03,28.69,93.254
M'Sila,35.43,4.31,2021-7-4,33.95,23.5,93.11
M'Sila,35.43,4.31,2021-7-5,33.18,22.44,91.724
M'Sila,35.43,4.31,2021-7-6,34.94,20.75,94.892
M'Sila,35.43,4.31,2021-7-7,33.77,24.5,92.786
M'Sila,35.43,4.31,2021-7-8,32.23,28,90.014
M'Sila,35.43,4.31,2021-7-9,33.83,23.25,92.894
M'Sila,35.43,4.31,2021-7-10,35.87,19.31,96.566
M'Sila,35.43,4.31,2021-7-11,35.19,24.69,95.342
M'Sila,35.43,4.31,2021-7-12,36.2,18.62,97.16
M'Sila,35.43,4.31,2021-7-13,30.97,31.25,87.746
M'Sila,35.43,4.31,2021-7-14,27.23,41.06,81.014
M'Sila,35.43,4.31,2021-7-15,29.26,40.5,84.668
M'Sila,35.43,4.31,2021-7-16,28.87,38.19,83.966
M'Sila,35.43,4.31,2021-7-17,28.3,35.44,82.94
M'Sila,35.43,4.31,2021-7-18,29.76,30.94,85.568
M'Sila,35.43,4.31,2021-7-19,29.01,34.5,84.218
M'Sila,35.43,4.31,2021-7-20,29.25,35.81,84.65
M'Sila,35.43,4.31,2021-7-21,30.3,29.25,86.54
M'Sila,35.43,4.31,2021-7-22,31.69,27.81,89.042
M'Sila,35.43,4.31,2021-7-23,32.61,24.44,90.698
M'Sila,35.43,4.31,2021-7-24,34.8,21.38,94.64
M'Sila,35.43,4.31,2021-7-25,34.98,20.94,94.964
M'Sila,35.43,4.31,2021-7-26,32.47,25.38,90.446
M'Sila,35.43,4.31,2021-7-27,32.05,25.19,89.69
M'Sila,35.43,4.31,2021-7-28,32.42,23,90.356
M'Sila,35.43,4.31,2021-7-29,34.12,18.81,93.416
M'Sila,35.43,4.31,2021-7-30,35.16,17.25,95.288
M'Sila,35.43,4.31,2021-7-31,34.85,20,94.73
Mascara,35.23,0.08,2021-7-1,26.12,60.81,79.016
Mascara,35.23,0.08,2021-7-2,28.2,46.38,82.76
Mascara,35.23,0.08,2021-7-3,30.37,33.44,86.666
Mascara,35.23,0.08,2021-7-4,29.66,27.94,85.388
Mascara,35.23,0.08,2021-7-5,30.86,27.25,87.548
Mascara,35.23,0.08,2021-7-6,30.33,29.38,86.594
Mascara,35.23,0.08,2021-7-7,27.84,39.38,82.112
Mascara,35.23,0.08,2021-7-8,27.33,44.06,81.194
Mascara,35.23,0.08,2021-7-9,28.19,59,82.742
Mascara,35.23,0.08,2021-7-10,30.3,44.94,86.54
Mascara,35.23,0.08,2021-7-11,35.12,25.56,95.216
Mascara,35.23,0.08,2021-7-12,31.3,29.88,88.34
Mascara,35.23,0.08,2021-7-13,27.03,41.75,80.654
Mascara,35.23,0.08,2021-7-14,27.04,46.81,80.672
Mascara,35.23,0.08,2021-7-15,26.45,51.69,79.61
Mascara,35.23,0.08,2021-7-16,26.3,57.38,79.34
Mascara,35.23,0.08,2021-7-17,28.4,46,83.12
Mascara,35.23,0.08,2021-7-18,27.19,50.62,80.942
Mascara,35.23,0.08,2021-7-19,27.01,47.69,80.618
Mascara,35.23,0.08,2021-7-20,27.67,52.56,81.806
Mascara,35.23,0.08,2021-7-21,29.87,44.94,85.766
Mascara,35.23,0.08,2021-7-22,29.33,52.69,84.794
Mascara,35.23,0.08,2021-7-23,33.17,35.75,91.706
Mascara,35.23,0.08,2021-7-24,33.2,27.75,91.76
Mascara,35.23,0.08,2021-7-25,29.71,28.94,85.478
Mascara,35.23,0.08,2021-7-26,26.58,49.75,79.844
Mascara,35.23,0.08,2021-7-27,27.18,60.56,80.924
Mascara,35.23,0.08,2021-7-28,28.12,60.88,82.616
Mascara,35.23,0.08,2021-7-29,29.06,61.19,84.308
Mascara,35.23,0.08,2021-7-30,33.84,34,92.912
Mascara,35.23,0.08,2021-7-31,30.13,30.56,86.234
Ouargla,31.56,5.19,2021-7-1,39.1,8.25,102.38
Ouargla,31.56,5.19,2021-7-2,38.72,7.25,101.696
Ouargla,31.56,5.19,2021-7-3,39.22,7.5,102.596
Ouargla,31.56,5.19,2021-7-4,40.21,7.81,104.378
Ouargla,31.56,5.19,2021-7-5,39.34,8.31,102.812
Ouargla,31.56,5.19,2021-7-6,39.73,7.19,103.514
Ouargla,31.56,5.19,2021-7-7,38.55,10.12,101.39
Ouargla,31.56,5.19,2021-7-8,38.23,12.88,100.814
Ouargla,31.56,5.19,2021-7-9,37.32,13.25,99.176
Ouargla,31.56,5.19,2021-7-10,38.58,12.88,101.444
Ouargla,31.56,5.19,2021-7-11,38.97,14.44,102.146
Ouargla,31.56,5.19,2021-7-12,37.85,16.19,100.13
Ouargla,31.56,5.19,2021-7-13,38.64,11.88,101.552
Ouargla,31.56,5.19,2021-7-14,34.84,24.44,94.712
Ouargla,31.56,5.19,2021-7-15,36.47,24.94,97.646
Ouargla,31.56,5.19,2021-7-16,36.79,21.62,98.222
Ouargla,31.56,5.19,2021-7-17,35.03,26.19,95.054
Ouargla,31.56,5.19,2021-7-18,35.16,22.19,95.288
Ouargla,31.56,5.19,2021-7-19,35.74,18.69,96.332
Ouargla,31.56,5.19,2021-7-20,35.3,19.75,95.54
Ouargla,31.56,5.19,2021-7-21,34.58,21.5,94.244
Ouargla,31.56,5.19,2021-7-22,35.46,21.75,95.828
Ouargla,31.56,5.19,2021-7-23,35.47,21.31,95.846
Ouargla,31.56,5.19,2021-7-24,35.36,15.75,95.648
Ouargla,31.56,5.19,2021-7-25,35.3,12.56,95.54
Ouargla,31.56,5.19,2021-7-26,34.58,12.75,94.244
Ouargla,31.56,5.19,2021-7-27,34.94,14.25,94.892
Ouargla,31.56,5.19,2021-7-28,34.93,16.62,94.874
Ouargla,31.56,5.19,2021-7-29,34.76,14.38,94.568
Ouargla,31.56,5.19,2021-7-30,35.78,11.75,96.404
Ouargla,31.56,5.19,2021-7-31,36.72,11.69,98.096
Oran,35.41,-0.38,2021-7-1,24.85,66.94,76.73
Oran,35.41,-0.38,2021-7-2,26.95,52.88,80.51
Oran,35.41,-0.38,2021-7-3,28.31,42.19,82.958
Oran,35.41,-0.38,2021-7-4,27.78,36.69,82.004
Oran,35.41,-0.38,2021-7-5,28.89,35.88,84.002
Oran,35.41,-0.38,2021-7-6,28.37,38.75,83.066
Oran,35.41,-0.38,2021-7-7,26.34,47.88,79.412
Oran,35.41,-0.38,2021-7-8,26.04,51.12,78.872
Oran,35.41,-0.38,2021-7-9,26.12,69.5,79.016
Oran,35.41,-0.38,2021-7-10,28.53,52.69,83.354
Oran,35.41,-0.38,2021-7-11,32.68,32.69,90.824
Oran,35.41,-0.38,2021-7-12,29.19,38.75,84.542
Oran,35.41,-0.38,2021-7-13,25.76,49.69,78.368
Oran,35.41,-0.38,2021-7-14,25.79,56.38,78.422
Oran,35.41,-0.38,2021-7-15,25.05,61.94,77.09
Oran,35.41,-0.38,2021-7-16,24.82,68.44,76.676
Oran,35.41,-0.38,2021-7-17,26.88,56.56,80.384
Oran,35.41,-0.38,2021-7-18,25.95,59.62,78.71
Oran,35.41,-0.38,2021-7-19,25.83,56.19,78.494
Oran,35.41,-0.38,2021-7-20,26.04,61.38,78.872
Oran,35.41,-0.38,2021-7-21,27.94,55.88,82.292
Oran,35.41,-0.38,2021-7-22,27.66,62.62,81.788
Oran,35.41,-0.38,2021-7-23,31.11,47.75,87.998
Oran,35.41,-0.38,2021-7-24,30.03,43.25,86.054
Oran,35.41,-0.38,2021-7-25,27.78,38.75,82.004
Oran,35.41,-0.38,2021-7-26,25.39,60.25,77.702
Oran,35.41,-0.38,2021-7-27,25.87,68.31,78.566
Oran,35.41,-0.38,2021-7-28,26.48,70.88,79.664
Oran,35.41,-0.38,2021-7-29,27.69,68.25,81.842
Oran,35.41,-0.38,2021-7-30,31.49,45,88.682
Oran,35.41,-0.38,2021-7-31,27.83,41.81,82.094
El_Bayadh,33.41,1,2021-7-1,32.74,13.31,90.932
El_Bayadh,33.41,1,2021-7-2,31.77,20.69,89.186
El_Bayadh,33.41,1,2021-7-3,31.97,14.62,89.546
El_Bayadh,33.41,1,2021-7-4,32.26,11.44,90.068
El_Bayadh,33.41,1,2021-7-5,32.24,10,90.032
El_Bayadh,33.41,1,2021-7-6,32.45,10.56,90.41
El_Bayadh,33.41,1,2021-7-7,30.75,20.12,87.35
El_Bayadh,33.41,1,2021-7-8,30.12,26.12,86.216
El_Bayadh,33.41,1,2021-7-9,30.8,13.44,87.44
El_Bayadh,33.41,1,2021-7-10,31.07,14,87.926
El_Bayadh,33.41,1,2021-7-11,32.39,12.06,90.302
El_Bayadh,33.41,1,2021-7-12,32.03,16.5,89.654
El_Bayadh,33.41,1,2021-7-13,28.51,22.38,83.318
El_Bayadh,33.41,1,2021-7-14,28.09,33.12,82.562
El_Bayadh,33.41,1,2021-7-15,29.8,24.69,85.64
El_Bayadh,33.41,1,2021-7-16,31.26,23.5,88.268
El_Bayadh,33.41,1,2021-7-17,31.57,17.5,88.826
El_Bayadh,33.41,1,2021-7-18,29.98,25.19,85.964
El_Bayadh,33.41,1,2021-7-19,26.86,27.25,80.348
El_Bayadh,33.41,1,2021-7-20,28.34,24.94,83.012
El_Bayadh,33.41,1,2021-7-21,29.49,19.44,85.082
El_Bayadh,33.41,1,2021-7-22,30.22,19.25,86.396
El_Bayadh,33.41,1,2021-7-23,31.76,16.06,89.168
El_Bayadh,33.41,1,2021-7-24,31.28,16.75,88.304
El_Bayadh,33.41,1,2021-7-25,30.77,23.19,87.386
El_Bayadh,33.41,1,2021-7-26,29.49,27.75,85.082
El_Bayadh,33.41,1,2021-7-27,28.72,23.81,83.696
El_Bayadh,33.41,1,2021-7-28,30.23,14.75,86.414
El_Bayadh,33.41,1,2021-7-29,31.27,14.38,88.286
El_Bayadh,33.41,1,2021-7-30,31.6,14.69,88.88
El_Bayadh,33.41,1,2021-7-31,31.35,19,88.43
Illizi,26.28,8.28,2021-7-1,36.26,10.69,97.268
Illizi,26.28,8.28,2021-7-2,36.45,10.12,97.61
Illizi,26.28,8.28,2021-7-3,36.49,9.88,97.682
Illizi,26.28,8.28,2021-7-4,37.3,8.81,99.14
Illizi,26.28,8.28,2021-7-5,38.4,8.12,101.12
Illizi,26.28,8.28,2021-7-6,37.48,7.69,99.464
Illizi,26.28,8.28,2021-7-7,36.33,12.88,97.394
Illizi,26.28,8.28,2021-7-8,34.64,14.94,94.352
Illizi,26.28,8.28,2021-7-9,34.79,16.56,94.622
Illizi,26.28,8.28,2021-7-10,34.84,14.12,94.712
Illizi,26.28,8.28,2021-7-11,36.18,14,97.124
Illizi,26.28,8.28,2021-7-12,34.95,13.25,94.91
Illizi,26.28,8.28,2021-7-13,33.09,13.31,91.562
Illizi,26.28,8.28,2021-7-14,34.41,13.5,93.938
Illizi,26.28,8.28,2021-7-15,35.94,11.94,96.692
Illizi,26.28,8.28,2021-7-16,37.15,13.56,98.87
Illizi,26.28,8.28,2021-7-17,37.82,12.88,100.076
Illizi,26.28,8.28,2021-7-18,35.69,18.25,96.242
Illizi,26.28,8.28,2021-7-19,35.7,16.69,96.26
Illizi,26.28,8.28,2021-7-20,36.73,14.94,98.114
Illizi,26.28,8.28,2021-7-21,36.15,15.94,97.07
Illizi,26.28,8.28,2021-7-22,34.04,17.44,93.272
Illizi,26.28,8.28,2021-7-23,32.55,17.25,90.59
Illizi,26.28,8.28,2021-7-24,33.08,18.56,91.544
Illizi,26.28,8.28,2021-7-25,32.98,16.31,91.364
Illizi,26.28,8.28,2021-7-26,33.61,14.62,92.498
Illizi,26.28,8.28,2021-7-27,34.94,14.5,94.892
Illizi,26.28,8.28,2021-7-28,34.67,13.88,94.406
Illizi,26.28,8.28,2021-7-29,34.23,13,93.614
Illizi,26.28,8.28,2021-7-30,33.31,13.06,91.958
Illizi,26.28,8.28,2021-7-31,33.95,12.19,93.11
Bordj_Bou_Arreridj,36.04,4.46,2021-7-1,29.45,38.56,85.01
Bordj_Bou_Arreridj,36.04,4.46,2021-7-2,30.08,36.88,86.144
Bordj_Bou_Arreridj,36.04,4.46,2021-7-3,29.8,35.31,85.64
Bordj_Bou_Arreridj,36.04,4.46,2021-7-4,30.03,30.25,86.054
Bordj_Bou_Arreridj,36.04,4.46,2021-7-5,28.15,34.38,82.67
Bordj_Bou_Arreridj,36.04,4.46,2021-7-6,29.01,36.81,84.218
Bordj_Bou_Arreridj,36.04,4.46,2021-7-7,28.4,37.56,83.12
Bordj_Bou_Arreridj,36.04,4.46,2021-7-8,26.74,42.19,80.132
Bordj_Bou_Arreridj,36.04,4.46,2021-7-9,27.07,48.12,80.726
Bordj_Bou_Arreridj,36.04,4.46,2021-7-10,28.93,38.31,84.074
Bordj_Bou_Arreridj,36.04,4.46,2021-7-11,29.6,38.31,85.28
Bordj_Bou_Arreridj,36.04,4.46,2021-7-12,30.01,33.69,86.018
Bordj_Bou_Arreridj,36.04,4.46,2021-7-13,25.26,50.31,77.468
Bordj_Bou_Arreridj,36.04,4.46,2021-7-14,21.72,59.19,71.096
Bordj_Bou_Arreridj,36.04,4.46,2021-7-15,23.64,57.19,74.552
Bordj_Bou_Arreridj,36.04,4.46,2021-7-16,22.83,57.06,73.094
Bordj_Bou_Arreridj,36.04,4.46,2021-7-17,22.44,48.88,72.392
Bordj_Bou_Arreridj,36.04,4.46,2021-7-18,23.42,45.5,74.156
Bordj_Bou_Arreridj,36.04,4.46,2021-7-19,23.43,49.94,74.174
Bordj_Bou_Arreridj,36.04,4.46,2021-7-20,24.65,48.69,76.37
Bordj_Bou_Arreridj,36.04,4.46,2021-7-21,25.43,39.69,77.774
Bordj_Bou_Arreridj,36.04,4.46,2021-7-22,26.47,41.06,79.646
Bordj_Bou_Arreridj,36.04,4.46,2021-7-23,26.92,38.62,80.456
Bordj_Bou_Arreridj,36.04,4.46,2021-7-24,28.2,34.69,82.76
Bordj_Bou_Arreridj,36.04,4.46,2021-7-25,29.06,31,84.308
Bordj_Bou_Arreridj,36.04,4.46,2021-7-26,27.94,31.75,82.292
Bordj_Bou_Arreridj,36.04,4.46,2021-7-27,27.24,27.75,81.032
Bordj_Bou_Arreridj,36.04,4.46,2021-7-28,27.08,32.12,80.744
Bordj_Bou_Arreridj,36.04,4.46,2021-7-29,28.9,28.94,84.02
Bordj_Bou_Arreridj,36.04,4.46,2021-7-30,30.47,27.19,86.846
Bordj_Bou_Arreridj,36.04,4.46,2021-7-31,29.99,28.75,85.982
Boumerdès,36.46,3.28,2021-7-1,23.8,77.5,74.84
Boumerdès,36.46,3.28,2021-7-2,24.4,79.31,75.92
Boumerdès,36.46,3.28,2021-7-3,25.23,72.38,77.414
Boumerdès,36.46,3.28,2021-7-4,25.4,68.5,77.72
Boumerdès,36.46,3.28,2021-7-5,26.61,60.5,79.898
Boumerdès,36.46,3.28,2021-7-6,26.68,62.44,80.024
Boumerdès,36.46,3.28,2021-7-7,25.88,69.75,78.584
Boumerdès,36.46,3.28,2021-7-8,24.72,84.81,76.496
Boumerdès,36.46,3.28,2021-7-9,24.71,75.44,76.478
Boumerdès,36.46,3.28,2021-7-10,25.04,75.69,77.072
Boumerdès,36.46,3.28,2021-7-11,27.88,59.44,82.184
Boumerdès,36.46,3.28,2021-7-12,27.04,62.75,80.672
Boumerdès,36.46,3.28,2021-7-13,24.69,75.56,76.442
Boumerdès,36.46,3.28,2021-7-14,24,68.12,75.2
Boumerdès,36.46,3.28,2021-7-15,24.33,72,75.794
Boumerdès,36.46,3.28,2021-7-16,24.19,69.31,75.542
Boumerdès,36.46,3.28,2021-7-17,24.64,66.81,76.352
Boumerdès,36.46,3.28,2021-7-18,25.05,68.19,77.09
Boumerdès,36.46,3.28,2021-7-19,25.06,70.94,77.108
Boumerdès,36.46,3.28,2021-7-20,25.35,73.44,77.63
Boumerdès,36.46,3.28,2021-7-21,26.8,63.06,80.24
Boumerdès,36.46,3.28,2021-7-22,27.15,62.06,80.87
Boumerdès,36.46,3.28,2021-7-23,28.03,60.06,82.454
Boumerdès,36.46,3.28,2021-7-24,29.08,54.75,84.344
Boumerdès,36.46,3.28,2021-7-25,27.23,65.38,81.014
Boumerdès,36.46,3.28,2021-7-26,25.34,76.62,77.612
Boumerdès,36.46,3.28,2021-7-27,25.42,80.69,77.756
Boumerdès,36.46,3.28,2021-7-28,26.32,78.69,79.376
Boumerdès,36.46,3.28,2021-7-29,27.25,74.69,81.05
Boumerdès,36.46,3.28,2021-7-30,28.05,67.12,82.49
Boumerdès,36.46,3.28,2021-7-31,28.24,64.62,82.832
El_Tarf,36.46,8.19,2021-7-1,25.19,67.56,77.342
El_Tarf,36.46,8.19,2021-7-2,26.04,63.94,78.872
El_Tarf,36.46,8.19,2021-7-3,27.02,61.75,80.636
El_Tarf,36.46,8.19,2021-7-4,27.16,61.25,80.888
El_Tarf,36.46,8.19,2021-7-5,26.04,71.81,78.872
El_Tarf,36.46,8.19,2021-7-6,29.4,52.75,84.92
El_Tarf,36.46,8.19,2021-7-7,27.64,64.31,81.752
El_Tarf,36.46,8.19,2021-7-8,26.6,75.12,79.88
El_Tarf,36.46,8.19,2021-7-9,25.79,67.25,78.422
El_Tarf,36.46,8.19,2021-7-10,25.34,61.56,77.612
El_Tarf,36.46,8.19,2021-7-11,27.78,49.94,82.004
El_Tarf,36.46,8.19,2021-7-12,29.94,50.75,85.892
El_Tarf,36.46,8.19,2021-7-13,26.54,67.31,79.772
El_Tarf,36.46,8.19,2021-7-14,24.26,60.62,75.668
El_Tarf,36.46,8.19,2021-7-15,24.83,62.69,76.694
El_Tarf,36.46,8.19,2021-7-16,24.83,63.69,76.694
El_Tarf,36.46,8.19,2021-7-17,24.93,66.88,76.874
El_Tarf,36.46,8.19,2021-7-18,25.08,68.19,77.144
El_Tarf,36.46,8.19,2021-7-19,25.12,73.81,77.216
El_Tarf,36.46,8.19,2021-7-20,26.04,68.69,78.872
El_Tarf,36.46,8.19,2021-7-21,27.05,61.75,80.69
El_Tarf,36.46,8.19,2021-7-22,27.68,57.81,81.824
El_Tarf,36.46,8.19,2021-7-23,29.28,47.12,84.704
El_Tarf,36.46,8.19,2021-7-24,32.33,37.94,90.194
El_Tarf,36.46,8.19,2021-7-25,31.01,46,87.818
El_Tarf,36.46,8.19,2021-7-26,29.82,56.12,85.676
El_Tarf,36.46,8.19,2021-7-27,29.3,62.31,84.74
El_Tarf,36.46,8.19,2021-7-28,31.44,41.31,88.592
El_Tarf,36.46,8.19,2021-7-29,29.53,61.31,85.154
El_Tarf,36.46,8.19,2021-7-30,30.22,56.12,86.396
El_Tarf,36.46,8.19,2021-7-31,31.68,51,89.024
Tindouf,27.4,-8.08,2021-7-1,33.5,25.38,92.3
Tindouf,27.4,-8.08,2021-7-2,35.62,17.69,96.116
Tindouf,27.4,-8.08,2021-7-3,38.01,10.69,100.418
Tindouf,27.4,-8.08,2021-7-4,36.71,14.75,98.078
Tindouf,27.4,-8.08,2021-7-5,36.88,18.44,
Tindouf,27.4,-8.08,2021-7-6,36.27,21.06,97.286
Tindouf,27.4,-8.08,2021-7-7,34.84,21.06,94.712
Tindouf,27.4,-8.08,2021-7-8,29.9,34,85.82
Tindouf,27.4,-8.08,2021-7-9,31.17,32.25,88.106
Tindouf,27.4,-8.08,2021-7-10,35.88,14.19,96.584
Tindouf,27.4,-8.08,2021-7-11,36.17,26.56,97.106
Tindouf,27.4,-8.08,2021-7-12,38.14,14.12,100.652
Tindouf,27.4,-8.08,2021-7-13,37.14,10.88,98.852
Tindouf,27.4,-8.08,2021-7-14,37.54,14.69,99.572
Tindouf,27.4,-8.08,2021-7-15,37.15,15.62,98.87
Tindouf,27.4,-8.08,2021-7-16,37.23,14.44,99.014
Tindouf,27.4,-8.08,2021-7-17,38.48,16.19,101.264
Tindouf,27.4,-8.08,2021-7-18,39.15,12,102.47
Tindouf,27.4,-8.08,2021-7-19,37.2,8.5,98.96
Tindouf,27.4,-8.08,2021-7-20,36.04,13.31,96.872
Tindouf,27.4,-8.08,2021-7-21,36.97,15.69,98.546
Tindouf,27.4,-8.08,2021-7-22,38.78,11.12,101.804
Tindouf,27.4,-8.08,2021-7-23,38.62,13.25,101.516
Tindouf,27.4,-8.08,2021-7-24,37.78,11.69,100.004
Tindouf,27.4,-8.08,2021-7-25,37.87,11.38,100.166
Tindouf,27.4,-8.08,2021-7-26,34.52,20,94.136
Tindouf,27.4,-8.08,2021-7-27,31.88,34.94,89.384
Tindouf,27.4,-8.08,2021-7-28,34.37,27.06,93.866
Tindouf,27.4,-8.08,2021-7-29,37.38,11.12,99.284
Tindouf,27.4,-8.08,2021-7-30,37.43,12.62,99.374
Tindouf,27.4,-8.08,2021-7-31,35.97,8.25,96.746
Tissemsilt,35.36,1.48,2021-7-1,27.98,41.19,82.364
Tissemsilt,35.36,1.48,2021-7-2,28.38,36.88,83.084
Tissemsilt,35.36,1.48,2021-7-3,30,29.69,86
Tissemsilt,35.36,1.48,2021-7-4,28.36,27.88,83.048
Tissemsilt,35.36,1.48,2021-7-5,29.76,26.56,85.568
Tissemsilt,35.36,1.48,2021-7-6,29.21,28.88,84.578
Tissemsilt,35.36,1.48,2021-7-7,26.89,36.56,80.402
Tissemsilt,35.36,1.48,2021-7-8,27.12,48.5,80.816
Tissemsilt,35.36,1.48,2021-7-9,29.94,42.94,85.892
Tissemsilt,35.36,1.48,2021-7-10,31.36,28.75,88.448
Tissemsilt,35.36,1.48,2021-7-11,33.48,26.25,92.264
Tissemsilt,35.36,1.48,2021-7-12,29.87,30.62,85.766
Tissemsilt,35.36,1.48,2021-7-13,25.17,40.81,77.306
Tissemsilt,35.36,1.48,2021-7-14,24.43,46.94,75.974
Tissemsilt,35.36,1.48,2021-7-15,27.26,41.44,81.068
Tissemsilt,35.36,1.48,2021-7-16,26.19,42.94,79.142
Tissemsilt,35.36,1.48,2021-7-17,27.95,31.12,82.31
Tissemsilt,35.36,1.48,2021-7-18,26.86,38.31,80.348
Tissemsilt,35.36,1.48,2021-7-19,26.63,37.62,79.934
Tissemsilt,35.36,1.48,2021-7-20,27.24,36.19,81.032
Tissemsilt,35.36,1.48,2021-7-21,28.59,30.31,83.462
Tissemsilt,35.36,1.48,2021-7-22,29.95,25.81,85.91
Tissemsilt,35.36,1.48,2021-7-23,31.61,23.44,88.898
Tissemsilt,35.36,1.48,2021-7-24,32.15,23.62,89.87
Tissemsilt,35.36,1.48,2021-7-25,28.71,29.31,83.678
Tissemsilt,35.36,1.48,2021-7-26,25.18,41.5,77.324
Tissemsilt,35.36,1.48,2021-7-27,27.89,44.88,82.202
Tissemsilt,35.36,1.48,2021-7-28,30.28,27.81,86.504
Tissemsilt,35.36,1.48,2021-7-29,29.2,30.75,84.56
Tissemsilt,35.36,1.48,2021-7-30,33.17,24.44,91.706
Tissemsilt,35.36,1.48,2021-7-31,29.78,31.88,85.604
El_Oued,33.19,6.52,2021-7-1,38.11,7.05,100.598
El_Oued,33.19,6.52,2021-7-2,38.19,7.81,100.742
El_Oued,33.19,6.52,2021-7-3,38.26,12.5,100.868
El_Oued,33.19,6.52,2021-7-4,39.84,8.69,103.712
El_Oued,33.19,6.52,2021-7-5,37.83,14.88,100.094
El_Oued,33.19,6.52,2021-7-6,36.33,20.62,97.394
El_Oued,33.19,6.52,2021-7-7,37.07,19.69,98.726
El_Oued,33.19,6.52,2021-7-8,35.93,24.94,96.674
El_Oued,33.19,6.52,2021-7-9,35.33,24.56,95.594
El_Oued,33.19,6.52,2021-7-10,38.11,14.69,100.598
El_Oued,33.19,6.52,2021-7-11,36.37,23.69,97.466
El_Oued,33.19,6.52,2021-7-12,36.48,18.06,97.664
El_Oued,33.19,6.52,2021-7-13,37.88,15.06,100.184
El_Oued,33.19,6.52,2021-7-14,32.52,35,90.536
El_Oued,33.19,6.52,2021-7-15,32.28,35.19,90.104
El_Oued,33.19,6.52,2021-7-16,33.66,33.19,92.588
El_Oued,33.19,6.52,2021-7-17,32.26,32.12,90.068
El_Oued,33.19,6.52,2021-7-18,32.65,27.12,90.77
El_Oued,33.19,6.52,2021-7-19,33.06,24.38,91.508
El_Oued,33.19,6.52,2021-7-20,33.58,26.19,92.444
El_Oued,33.19,6.52,2021-7-21,33.79,27.81,92.822
El_Oued,33.19,6.52,2021-7-22,34.08,25.56,93.344
El_Oued,33.19,6.52,2021-7-23,34.19,24.69,93.542
El_Oued,33.19,6.52,2021-7-24,35.01,18.81,95.018
El_Oued,33.19,6.52,2021-7-25,35.58,15.56,96.044
El_Oued,33.19,6.52,2021-7-26,35.08,13.5,95.144
El_Oued,33.19,6.52,2021-7-27,33.65,22.94,92.57
El_Oued,33.19,6.52,2021-7-28,32.71,30.69,90.878
El_Oued,33.19,6.52,2021-7-29,33.35,23,92.03
El_Oued,33.19,6.52,2021-7-30,35.62,14.31,96.116
El_Oued,33.19,6.52,2021-7-31,37.27,12,99.086
Khenchela,35.26,7.08,2021-7-1,31.98,17.69,89.564
Khenchela,35.26,7.08,2021-7-2,31.69,18.81,89.042
Khenchela,35.26,7.08,2021-7-3,31.83,19.81,89.294
Khenchela,35.26,7.08,2021-7-4,31.64,19.5,88.952
Khenchela,35.26,7.08,2021-7-5,30.05,23.31,86.09
Khenchela,35.26,7.08,2021-7-6,31.28,22.69,88.304
Khenchela,35.26,7.08,2021-7-7,30.37,26.62,86.666
Khenchela,35.26,7.08,2021-7-8,28.7,32.25,83.66
Khenchela,35.26,7.08,2021-7-9,28.54,38.62,83.372
Khenchela,35.26,7.08,2021-7-10,31.19,25.88,88.142
Khenchela,35.26,7.08,2021-7-11,30.44,26.62,86.792
Khenchela,35.26,7.08,2021-7-12,31.4,22.06,88.52
Khenchela,35.26,7.08,2021-7-13,28.61,35.69,83.498
Khenchela,35.26,7.08,2021-7-14,24.11,49,75.398
Khenchela,35.26,7.08,2021-7-15,26.2,40,79.16
Khenchela,35.26,7.08,2021-7-16,25.12,45.38,77.216
Khenchela,35.26,7.08,2021-7-17,22.86,44.88,73.148
Khenchela,35.26,7.08,2021-7-18,23.02,44.75,73.436
Khenchela,35.26,7.08,2021-7-19,24.62,42.81,76.316
Khenchela,35.26,7.08,2021-7-20,25.87,41.25,78.566
Khenchela,35.26,7.08,2021-7-21,26.59,35.69,79.862
Khenchela,35.26,7.08,2021-7-22,27.31,32.19,81.158
Khenchela,35.26,7.08,2021-7-23,28.69,30.69,83.642
Khenchela,35.26,7.08,2021-7-24,29.9,25.94,85.82
Khenchela,35.26,7.08,2021-7-25,30.23,24.5,86.414
Khenchela,35.26,7.08,2021-7-26,28.33,19.75,82.994
Khenchela,35.26,7.08,2021-7-27,27.67,23.5,81.806
Khenchela,35.26,7.08,2021-7-28,29.37,23.31,84.866
Khenchela,35.26,7.08,2021-7-29,30.26,23.81,86.468
Khenchela,35.26,7.08,2021-7-30,31.47,20.62,88.646
Khenchela,35.26,7.08,2021-7-31,31.62,18.38,88.916
Souk_Ahras,36.16,7.56,2021-7-1,24.97,58.38,76.946
Souk_Ahras,36.16,7.56,2021-7-2,26.4,47.38,79.52
Souk_Ahras,36.16,7.56,2021-7-3,28.99,43.19,84.182
Souk_Ahras,36.16,7.56,2021-7-4,29.31,40.38,84.758
Souk_Ahras,36.16,7.56,2021-7-5,26.89,44.75,80.402
Souk_Ahras,36.16,7.56,2021-7-6,31.08,37.31,87.944
Souk_Ahras,36.16,7.56,2021-7-7,30.4,40.75,86.72
Souk_Ahras,36.16,7.56,2021-7-8,28.14,50.88,82.652
Souk_Ahras,36.16,7.56,2021-7-9,26.23,59.19,79.214
Souk_Ahras,36.16,7.56,2021-7-10,26.24,51.69,79.232
Souk_Ahras,36.16,7.56,2021-7-11,28.5,36.62,83.3
Souk_Ahras,36.16,7.56,2021-7-12,31.98,34.31,89.564
Souk_Ahras,36.16,7.56,2021-7-13,26.98,53.5,80.564
Souk_Ahras,36.16,7.56,2021-7-14,23.44,56.94,74.192
Souk_Ahras,36.16,7.56,2021-7-15,24.21,53.75,75.578
Souk_Ahras,36.16,7.56,2021-7-16,23.35,59.81,74.03
Souk_Ahras,36.16,7.56,2021-7-17,22.34,65.75,72.212
Souk_Ahras,36.16,7.56,2021-7-18,23.13,62.94,73.634
Souk_Ahras,36.16,7.56,2021-7-19,23.5,65.5,74.3
Souk_Ahras,36.16,7.56,2021-7-20,25.76,53.19,78.368
Souk_Ahras,36.16,7.56,2021-7-21,27.05,47.25,80.69
Souk_Ahras,36.16,7.56,2021-7-22,27.66,41.31,81.788
Souk_Ahras,36.16,7.56,2021-7-23,29.03,32.56,84.254
Souk_Ahras,36.16,7.56,2021-7-24,31.83,29,89.294
Souk_Ahras,36.16,7.56,2021-7-25,32.73,28.38,90.914
Souk_Ahras,36.16,7.56,2021-7-26,31.98,30.94,89.564
Souk_Ahras,36.16,7.56,2021-7-27,29.9,38.12,85.82
Souk_Ahras,36.16,7.56,2021-7-28,32.22,26.31,89.996
Souk_Ahras,36.16,7.56,2021-7-29,32.08,32.12,89.744
Souk_Ahras,36.16,7.56,2021-7-30,33.08,31.62,91.544
Souk_Ahras,36.16,7.56,2021-7-31,33.02,32.06,91.436
Tipaza,36.34,2.27,2021-7-1,25.63,61.75,78.134
Tipaza,36.34,2.27,2021-7-2,26.28,57.88,79.304
Tipaza,36.34,2.27,2021-7-3,28.58,44.56,83.444
Tipaza,36.34,2.27,2021-7-4,28.58,39.19,83.444
Tipaza,36.34,2.27,2021-7-5,29.5,33.44,85.1
Tipaza,36.34,2.27,2021-7-6,29.62,37.69,85.316
Tipaza,36.34,2.27,2021-7-7,27.48,49.94,81.464
Tipaza,36.34,2.27,2021-7-8,25.38,72.19,77.684
Tipaza,36.34,2.27,2021-7-9,26.22,64.94,79.196
Tipaza,36.34,2.27,2021-7-10,28.08,56.12,82.544
Tipaza,36.34,2.27,2021-7-11,31.58,37.94,88.844
Tipaza,36.34,2.27,2021-7-12,31.05,35.75,87.89
Tipaza,36.34,2.27,2021-7-13,25.2,63.5,77.36
Tipaza,36.34,2.27,2021-7-14,24.12,58.75,75.416
Tipaza,36.34,2.27,2021-7-15,24.37,65.06,75.866
Tipaza,36.34,2.27,2021-7-16,24.75,57.31,76.55
Tipaza,36.34,2.27,2021-7-17,27.18,41.19,80.924
Tipaza,36.34,2.27,2021-7-18,27.49,43,81.482
Tipaza,36.34,2.27,2021-7-19,26.69,49.44,80.042
Tipaza,36.34,2.27,2021-7-20,27.26,47.81,81.068
Tipaza,36.34,2.27,2021-7-21,29.54,38.5,85.172
Tipaza,36.34,2.27,2021-7-22,29.99,37.12,85.982
Tipaza,36.34,2.27,2021-7-23,30.76,34.88,87.368
Tipaza,36.34,2.27,2021-7-24,32.9,31.12,91.22
Tipaza,36.34,2.27,2021-7-25,30.37,41,86.666
Tipaza,36.34,2.27,2021-7-26,26.9,52.12,80.42
Tipaza,36.34,2.27,2021-7-27,26.62,66.19,79.916
Tipaza,36.34,2.27,2021-7-28,27.72,58.94,81.896
Tipaza,36.34,2.27,2021-7-29,29.08,54.62,84.344
Tipaza,36.34,2.27,2021-7-30,31.55,40.81,88.79
Tipaza,36.34,2.27,2021-7-31,31.72,34.12,89.096
Mila,36.27,6.15,2021-7-1,23.31,59.31,73.958
Mila,36.27,6.15,2021-7-2,23.98,61.88,75.164
Mila,36.27,6.15,2021-7-3,22.83,73.75,73.094
Mila,36.27,6.15,2021-7-4,20.87,84.5,69.566
Mila,36.27,6.15,2021-7-5,23.19,66.69,73.742
Mila,36.27,6.15,2021-7-6,24.53,65.62,76.154
Mila,36.27,6.15,2021-7-7,25.55,65.06,77.99
Mila,36.27,6.15,2021-7-8,24.08,74.75,75.344
Mila,36.27,6.15,2021-7-9,22.64,60,72.752
Mila,36.27,6.15,2021-7-10,23.89,60.12,75.002
Mila,36.27,6.15,2021-7-11,24.59,64.25,76.262
Mila,36.27,6.15,2021-7-12,24.98,64.69,76.964
Mila,36.27,6.15,2021-7-13,22.68,75.25,72.824
Mila,36.27,6.15,2021-7-14,20.32,69.62,68.576
Mila,36.27,6.15,2021-7-15,20.53,73.81,68.954
Mila,36.27,6.15,2021-7-16,21.25,75.5,70.25
Mila,36.27,6.15,2021-7-17,23.68,68.56,74.624
Mila,36.27,6.15,2021-7-18,26.35,59.75,79.43
Mila,36.27,6.15,2021-7-19,26.69,63.62,80.042
Mila,36.27,6.15,2021-7-20,26.52,60.94,79.736
Mila,36.27,6.15,2021-7-21,25.83,64.38,78.494
Mila,36.27,6.15,2021-7-22,25.45,67.56,77.81
Mila,36.27,6.15,2021-7-23,25.44,64.06,77.792
Mila,36.27,6.15,2021-7-24,25.75,66.44,78.35
Mila,36.27,6.15,2021-7-25,24.42,72.5,75.956
Mila,36.27,6.15,2021-7-26,24.08,74.81,75.344
Mila,36.27,6.15,2021-7-27,23.52,80.38,74.336
Mila,36.27,6.15,2021-7-28,23.1,80.94,73.58
Mila,36.27,6.15,2021-7-29,25.19,67.06,77.342
Mila,36.27,6.15,2021-7-30,24.41,73.31,75.938
Mila,36.27,6.15,2021-7-31,24.87,71.69,76.766
Aïn_Defla,36.04,4.32,2021-7-1,25.35,64.5,77.63
Aïn_Defla,36.04,4.32,2021-7-2,26.49,57.38,79.682
Aïn_Defla,36.04,4.32,2021-7-3,28.07,45.75,82.526
Aïn_Defla,36.04,4.32,2021-7-4,28.12,39.44,82.616
Aïn_Defla,36.04,4.32,2021-7-5,28.76,36.94,83.768
Aïn_Defla,36.04,4.32,2021-7-6,29.13,39.06,84.434
Aïn_Defla,36.04,4.32,2021-7-7,27.35,50.88,81.23
Aïn_Defla,36.04,4.32,2021-7-8,24.85,75.44,76.73
Aïn_Defla,36.04,4.32,2021-7-9,25.15,71.44,77.27
Aïn_Defla,36.04,4.32,2021-7-10,27.74,59.62,81.932
Aïn_Defla,36.04,4.32,2021-7-11,31.3,41.31,41.31
Aïn_Defla,36.04,4.32,2021-7-12,30.17,39.5,86.306
Aïn_Defla,36.04,4.32,2021-7-13,24.92,65.06,76.856
Aïn_Defla,36.04,4.32,2021-7-14,23.9,60.56,75.02
Aïn_Defla,36.04,4.32,2021-7-15,23.56,70.5,74.408
Aïn_Defla,36.04,4.32,2021-7-16,24.34,61.12,75.812
Aïn_Defla,36.04,4.32,2021-7-17,26.99,43.38,80.582
Aïn_Defla,36.04,4.32,2021-7-18,26.98,49.62,80.564
Aïn_Defla,36.04,4.32,2021-7-19,26.65,51.75,79.97
Aïn_Defla,36.04,4.32,2021-7-20,27.05,49.88,80.69
Aïn_Defla,36.04,4.32,2021-7-21,28.98,42.31,84.164
Aïn_Defla,36.04,4.32,2021-7-22,29.06,42.56,84.308
Aïn_Defla,36.04,4.32,2021-7-23,30.86,36.38,87.548
Aïn_Defla,36.04,4.32,2021-7-24,33.24,31.06,91.832
Aïn_Defla,36.04,4.32,2021-7-25,30.19,37,86.342
Aïn_Defla,36.04,4.32,2021-7-26,26.77,53.38,80.186
Aïn_Defla,36.04,4.32,2021-7-27,26.02,69.62,78.836
Aïn_Defla,36.04,4.32,2021-7-28,26.82,68.81,80.276
Aïn_Defla,36.04,4.32,2021-7-29,28.01,62.44,82.418
Aïn_Defla,36.04,4.32,2021-7-30,31.34,45.44,88.412
Aïn_Defla,36.04,4.32,2021-7-31,30.91,34.19,87.638
Naama,33.16,-0.16,2021-7-1,30.48,23.88,86.864
Naama,33.16,-0.16,2021-7-2,30.75,27,87.35
Naama,33.16,-0.16,2021-7-3,31.71,20.81,89.078
Naama,33.16,-0.16,2021-7-4,32.1,17.75,89.78
Naama,33.16,-0.16,2021-7-5,32.53,14,90.554
Naama,33.16,-0.16,2021-7-6,31.75,20.62,89.15
Naama,33.16,-0.16,2021-7-7,29.66,26.19,85.388
Naama,33.16,-0.16,2021-7-8,28.66,27.31,83.588
Naama,33.16,-0.16,2021-7-9,31.19,16.38,88.142
Naama,33.16,-0.16,2021-7-10,31.71,13.88,89.078
Naama,33.16,-0.16,2021-7-11,32.19,13,89.942
Naama,33.16,-0.16,2021-7-12,31.76,22.12,89.168
Naama,33.16,-0.16,2021-7-13,27.73,24.06,81.914
Naama,33.16,-0.16,2021-7-14,27.67,30,81.806
Naama,33.16,-0.16,2021-7-15,30.58,22.88,87.044
Naama,33.16,-0.16,2021-7-16,31.15,26.19,88.07
Naama,33.16,-0.16,2021-7-17,31.41,23.38,88.538
Naama,33.16,-0.16,2021-7-18,28.33,33.31,82.994
Naama,33.16,-0.16,2021-7-19,26.4,30.06,79.52
Naama,33.16,-0.16,2021-7-20,27.85,32.19,82.13
Naama,33.16,-0.16,2021-7-21,30.09,21.81,86.162
Naama,33.16,-0.16,2021-7-22,31.54,20.25,88.772
Naama,33.16,-0.16,2021-7-23,32.32,19.19,90.176
Naama,33.16,-0.16,2021-7-24,32.54,17.38,90.572
Naama,33.16,-0.16,2021-7-25,31.1,27.06,87.98
Naama,33.16,-0.16,2021-7-26,28.19,30.56,82.742
Naama,33.16,-0.16,2021-7-27,29.25,28.81,84.65
Naama,33.16,-0.16,2021-7-28,31.62,14.94,88.916
Naama,33.16,-0.16,2021-7-29,31.89,18.75,89.402
Naama,33.16,-0.16,2021-7-30,31.8,23,89.24
Naama,33.16,-0.16,2021-7-31,30.67,26.25,87.206
Aïn_Témouchent,35.18,-1.08,2021-7-1,23.43,77,74.174
Aïn_Témouchent,35.18,-1.08,2021-7-2,25.03,65.12,77.054
Aïn_Témouchent,35.18,-1.08,2021-7-3,26.08,56.12,78.944
Aïn_Témouchent,35.18,-1.08,2021-7-4,26.08,52.19,78.944
Aïn_Témouchent,35.18,-1.08,2021-7-5,26.65,51.06,79.97
Aïn_Témouchent,35.18,-1.08,2021-7-6,26.14,54.62,79.052
Aïn_Témouchent,35.18,-1.08,2021-7-7,24.77,60.94,76.586
Aïn_Témouchent,35.18,-1.08,2021-7-8,24.75,61.38,76.55
Aïn_Témouchent,35.18,-1.08,2021-7-9,24.63,78.75,76.334
Aïn_Témouchent,35.18,-1.08,2021-7-10,26.53,64.12,79.754
Aïn_Témouchent,35.18,-1.08,2021-7-11,29.03,48.06,84.254
Aïn_Témouchent,35.18,-1.08,2021-7-12,26.98,52.81,80.564
Aïn_Témouchent,35.18,-1.08,2021-7-13,24.19,63.25,75.542
Aïn_Témouchent,35.18,-1.08,2021-7-14,24.55,66.38,76.19
Aïn_Témouchent,35.18,-1.08,2021-7-15,24.15,70.69,75.47
Aïn_Témouchent,35.18,-1.08,2021-7-16,23.83,76,74.894
Aïn_Témouchent,35.18,-1.08,2021-7-17,24.78,70.56,76.604
Aïn_Témouchent,35.18,-1.08,2021-7-18,24.89,69.88,76.802
Aïn_Témouchent,35.18,-1.08,2021-7-19,24.8,67.19,76.64
Aïn_Témouchent,35.18,-1.08,2021-7-20,24.65,71.44,76.37
Aïn_Témouchent,35.18,-1.08,2021-7-21,26.12,67.44,79.016
Aïn_Témouchent,35.18,-1.08,2021-7-22,25.98,75.62,78.764
Aïn_Témouchent,35.18,-1.08,2021-7-23,29.02,59.75,84.236
Aïn_Témouchent,35.18,-1.08,2021-7-24,27.58,59.56,81.644
Aïn_Témouchent,35.18,-1.08,2021-7-25,26.62,51.56,79.916
Aïn_Témouchent,35.18,-1.08,2021-7-26,24.7,69.19,76.46
Aïn_Témouchent,35.18,-1.08,2021-7-27,25.06,73.5,77.108
Aïn_Témouchent,35.18,-1.08,2021-7-28,25.26,79.69,77.468
Aïn_Témouchent,35.18,-1.08,2021-7-29,25.9,78.62,78.62
Aïn_Témouchent,35.18,-1.08,2021-7-30,28.66,59.81,83.588
Aïn_Témouchent,35.18,-1.08,2021-7-31,25.94,57.38,78.692
Ghardaïa,32.28,3.4,2021-7-1,36.86,8.19,98.348
Ghardaïa,32.28,3.4,2021-7-2,36.74,7.5,98.132
Ghardaïa,32.28,3.4,2021-7-3,37.05,7.94,98.69
Ghardaïa,32.28,3.4,2021-7-4,38.31,8.12,100.958
Ghardaïa,32.28,3.4,2021-7-5,37.82,7.56,100.076
Ghardaïa,32.28,3.4,2021-7-6,38.41,5.88,101.138
Ghardaïa,32.28,3.4,2021-7-7,37.18,10.38,98.924
Ghardaïa,32.28,3.4,2021-7-8,36.61,10.62,97.898
Ghardaïa,32.28,3.4,2021-7-9,35.69,12.88,96.242
Ghardaïa,32.28,3.4,2021-7-10,36.47,12.69,97.646
Ghardaïa,32.28,3.4,2021-7-11,38.26,12,100.868
Ghardaïa,32.28,3.4,2021-7-12,37.28,15.44,99.104
Ghardaïa,32.28,3.4,2021-7-13,36.9,15.19,98.42
Ghardaïa,32.28,3.4,2021-7-14,32.74,29.56,90.932
Ghardaïa,32.28,3.4,2021-7-15,34.23,24.31,93.614
Ghardaïa,32.28,3.4,2021-7-16,36.04,12.25,96.872
Ghardaïa,32.28,3.4,2021-7-17,33.67,21.25,92.606
Ghardaïa,32.28,3.4,2021-7-18,34.67,19.75,94.406
Ghardaïa,32.28,3.4,2021-7-19,33.08,21.62,91.544
Ghardaïa,32.28,3.4,2021-7-20,32.78,20,91.004
Ghardaïa,32.28,3.4,2021-7-21,32.97,20.19,91.346
Ghardaïa,32.28,3.4,2021-7-22,34.1,19.81,93.38
Ghardaïa,32.28,3.4,2021-7-23,34.88,18.06,94.784
Ghardaïa,32.28,3.4,2021-7-24,34.57,19.44,94.226
Ghardaïa,32.28,3.4,2021-7-25,34.61,14.06,94.298
Ghardaïa,32.28,3.4,2021-7-26,33.92,10.56,93.056
Ghardaïa,32.28,3.4,2021-7-27,32.81,12.94,91.058
Ghardaïa,32.28,3.4,2021-7-28,33.55,14.94,92.39
Ghardaïa,32.28,3.4,2021-7-29,34.15,14.94,93.47
Ghardaïa,32.28,3.4,2021-7-30,35.17,12.19,95.306
Ghardaïa,32.28,3.4,2021-7-31,35.28,10.94,95.504
Relizane,35.44,0.33,2021-7-1,26.9,55.56,80.42
Relizane,35.44,0.33,2021-7-2,28.73,42.69,83.714
Relizane,35.44,0.33,2021-7-3,30.74,32.25,87.332
Relizane,35.44,0.33,2021-7-4,30.15,26.94,86.27
Relizane,35.44,0.33,2021-7-5,31.17,26.38,88.106
Relizane,35.44,0.33,2021-7-6,30.53,28.31,86.954
Relizane,35.44,0.33,2021-7-7,27.9,38.5,82.22
Relizane,35.44,0.33,2021-7-8,28.08,42.19,82.544
Relizane,35.44,0.33,2021-7-9,30.33,47.44,86.594
Relizane,35.44,0.33,2021-7-10,31.72,36.12,89.096
Relizane,35.44,0.33,2021-7-11,35.78,23.19,96.404
Relizane,35.44,0.33,2021-7-12,31.7,28.44,89.06
Relizane,35.44,0.33,2021-7-13,27.35,37.88,81.23
Relizane,35.44,0.33,2021-7-14,27.45,41.69,81.41
Relizane,35.44,0.33,2021-7-15,27.81,42.88,82.058
Relizane,35.44,0.33,2021-7-16,28.34,42.81,83.012
Relizane,35.44,0.33,2021-7-17,30.51,31.69,86.918
Relizane,35.44,0.33,2021-7-18,28.25,40.94,82.85
Relizane,35.44,0.33,2021-7-19,28.17,38.81,82.706
Relizane,35.44,0.33,2021-7-20,29.26,43.94,84.668
Relizane,35.44,0.33,2021-7-21,31.97,31.69,89.546
Relizane,35.44,0.33,2021-7-22,31.26,39.44,88.268
Relizane,35.44,0.33,2021-7-23,34.39,25.38,93.902
Relizane,35.44,0.33,2021-7-24,35.3,20,95.54
Relizane,35.44,0.33,2021-7-25,31.2,23.75,88.16
Relizane,35.44,0.33,2021-7-26,27.43,41.31,81.374
Relizane,35.44,0.33,2021-7-27,28.51,50.81,83.318
Relizane,35.44,0.33,2021-7-28,30.1,44.88,86.18
Relizane,35.44,0.33,2021-7-29,31.08,47.25,87.944
Relizane,35.44,0.33,2021-7-30,35.47,26.75,95.846
Relizane,35.44,0.33,2021-7-31,31.23,27.56,88.214
